,season_id,game_id,game_date,team_id,team_abbreviation,matchup,wl_x,fgm,fga,fg_pct,fg3m,fg3a,fg3_pct,ftm,fta,ft_pct,oreb,dreb,reb,ast,stl,blk,tov,pf,pts,plus_minus,date,season,team,elo1_pre,elo2_pre,elo1_post,elo2_post,raptor1_pre,raptor2_pre,score1,score2,quality,wl_y
236,22018,21800001,2018-10-16,1610612738,BOS,BOS @ PHI,1,42.0,97.0,0.433,11.0,37.0,0.297,10.0,14.0,0.714,12.0,43.0,55.0,21.0,7.0,5.0,15.0,20.0,105,18,2018-10-16,2019,BOS,1561.52419307645,1607.05768800629,1573.84937213462,1594.73250894812,1633.0,1617.0,105.0,87.0,90,1.0
41,22018,21800019,2018-10-19,1610612738,BOS,BOS @ TOR,0,40.0,99.0,0.404,14.0,36.0,0.389,7.0,10.0,0.7,16.0,33.0,49.0,29.0,4.0,6.0,16.0,27.0,101,-12,2018-10-19,2019,BOS,1573.84937213462,1583.69341513354,1566.42645035434,1591.11633691382,1638.19430152853,1650.73882943296,101.0,113.0,93,0.0
42,22018,21800028,2018-10-20,1610612738,BOS,BOS @ NYK,1,33.0,82.0,0.402,9.0,25.0,0.36,28.0,33.0,0.848,11.0,36.0,47.0,21.0,8.0,2.0,15.0,26.0,103,2,2018-10-20,2019,BOS,1566.42645035434,1416.07822935995,1570.40280933089,1412.1018703834,1629.24977946257,1324.09228561234,103.0,101.0,34,1.0
237,22018,21800040,2018-10-22,1610612738,BOS,BOS @ ORL,0,37.0,91.0,0.407,9.0,40.0,0.225,7.0,9.0,0.778,9.0,42.0,51.0,21.0,6.0,3.0,12.0,15.0,90,-3,2018-10-22,2019,BOS,1570.40280933089,1361.19283055161,1557.69050710029,1373.90513278221,1619.73507145611,1418.91771296114,90.0,93.0,56,0.0
43,22018,21800065,2018-10-25,1610612738,BOS,BOS @ OKC,1,33.0,86.0,0.384,11.0,32.0,0.344,24.0,33.0,0.727,10.0,35.0,45.0,19.0,7.0,1.0,12.0,27.0,101,6,2018-10-25,2019,BOS,1557.69050710029,1543.60260113461,1568.00630439917,1533.28680383573,1615.15805041438,1620.93969533758,101.0,95.0,89,1.0
44,22018,21800074,2018-10-27,1610612738,BOS,BOS @ DET,1,39.0,86.0,0.453,14.0,34.0,0.412,17.0,25.0,0.68,8.0,46.0,54.0,25.0,4.0,8.0,13.0,26.0,109,20,2018-10-27,2019,BOS,1568.00630439917,1508.25839706855,1586.88374563207,1489.38095583565,1613.50765551323,1481.1362983163,109.0,89.0,69,1.0
238,22018,21800099,2018-10-30,1610612738,BOS,BOS @ DET,1,37.0,84.0,0.44,9.0,31.0,0.29,25.0,32.0,0.781,8.0,38.0,46.0,25.0,8.0,4.0,14.0,20.0,108,3,2018-10-30,2019,BOS,1586.88374563207,1489.38095583565,1589.22896891217,1487.03573255555,1620.10865255638,1474.71162032629,108.0,105.0,69,1.0
239,22018,21800115,2018-11-01,1610612738,BOS,BOS @ MIL,1,41.0,92.0,0.446,24.0,55.0,0.436,11.0,13.0,0.846,8.0,34.0,42.0,30.0,5.0,8.0,13.0,23.0,117,4,2018-11-01,2019,BOS,1589.22896891217,1593.26239278462,1593.52012279091,1588.97123890588,1621.88369423059,1608.47219659243,117.0,113.0,89,1.0
45,22018,21800127,2018-11-03,1610612738,BOS,BOS @ IND,0,38.0,88.0,0.432,19.0,46.0,0.413,6.0,9.0,0.667,10.0,35.0,45.0,23.0,6.0,8.0,14.0,20.0,101,-1,2018-11-03,2019,BOS,1593.52012279091,1575.87138616203,1590.61039839097,1578.78111056197,1628.14434125596,1537.52196103333,101.0,102.0,80,0.0
46,22018,21800145,2018-11-05,1610612738,BOS,BOS @ DEN,0,44.0,87.0,0.506,9.0,31.0,0.29,10.0,12.0,0.833,7.0,33.0,40.0,22.0,9.0,9.0,12.0,21.0,107,-8,2018-11-05,2019,BOS,1590.61039839097,1613.5203866568,1585.1521122935,1618.97867275427,1627.6611410987,1603.51183648116,107.0,115.0,89,0.0
47,22018,21800164,2018-11-08,1610612738,BOS,BOS @ PHX,1,39.0,97.0,0.402,14.0,37.0,0.378,24.0,31.0,0.774,17.0,39.0,56.0,21.0,6.0,6.0,16.0,18.0,116,7,2018-11-08,2019,BOS,1585.1521122935,1291.15180395311,1588.74404729282,1287.55986895379,1624.6824645783,1347.71170086437,116.0,109.0,40,1.0
48,22018,21800172,2018-11-09,1610612738,BOS,BOS @ UTA,0,39.0,88.0,0.443,17.0,43.0,0.395,20.0,22.0,0.909,5.0,23.0,28.0,31.0,11.0,3.0,8.0,20.0,115,-8,2018-11-09,2019,BOS,1588.74404729282,1591.92440637131,1582.77705526499,1597.89139839914,1621.14991659477,1616.7616967739,115.0,123.0,89,0.0
49,22018,21800188,2018-11-11,1610612738,BOS,BOS @ POR,0,36.0,93.0,0.387,14.0,42.0,0.333,8.0,10.0,0.8,11.0,31.0,42.0,19.0,11.0,5.0,13.0,16.0,94,-6,2018-11-11,2019,BOS,1582.77705526499,1621.76442841056,1578.46236888252,1626.07911479303,1617.245387905,1547.44338850572,94.0,100.0,80,0.0
240,22018,21800204,2018-11-14,1610612738,BOS,BOS @ CHI,1,42.0,90.0,0.467,15.0,34.0,0.441,12.0,14.0,0.857,8.0,43.0,51.0,27.0,12.0,5.0,14.0,12.0,111,29,2018-11-14,2019,BOS,1578.46236888252,1351.19786557679,1582.92387096955,1346.73636348976,1615.66869069121,1355.00617112982,111.0,82.0,40,1.0
241,22018,21800216,2018-11-16,1610612738,BOS,BOS @ TOR,1,47.0,89.0,0.528,9.0,26.0,0.346,20.0,24.0,0.833,9.0,37.0,46.0,25.0,9.0,6.0,18.0,23.0,123,7,2018-11-16,2019,BOS,1582.92387096955,1617.64799225276,1589.43440685359,1611.13745636872,1621.2830661184,1660.24651996247,123.0,116.0,93,1.0
242,22018,21800229,2018-11-17,1610612738,BOS,BOS @ UTA,0,35.0,91.0,0.385,5.0,33.0,0.152,11.0,20.0,0.55,17.0,34.0,51.0,16.0,11.0,4.0,14.0,22.0,86,-12,2018-11-17,2019,BOS,1589.43440685359,1555.33077588921,1571.60449298555,1573.16068975725,1623.60084254218,1603.78829914397,86.0,98.0,88,0.0
50,22018,21800239,2018-11-19,1610612738,BOS,BOS @ CHA,0,45.0,89.0,0.506,9.0,32.0,0.281,13.0,18.0,0.722,8.0,33.0,41.0,31.0,9.0,6.0,12.0,22.0,112,-5,2018-11-19,2019,BOS,1571.60449298555,1513.2613788838,1565.60674375014,1519.25912811921,1614.3501234292,1491.85490696537,112.0,117.0,71,0.0
243,22018,21800255,2018-11-21,1610612738,BOS,BOS @ NYK,0,38.0,97.0,0.392,10.0,33.0,0.303,23.0,32.0,0.719,15.0,35.0,50.0,30.0,10.0,9.0,8.0,16.0,109,-8,2018-11-21,2019,BOS,1565.60674375014,1358.0314084711,1545.0255148154,1378.61263740584,1612.2374832401,1313.08536070438,109.0,117.0,29,0.0
51,22018,21800268,2018-11-23,1610612738,BOS,BOS @ ATL,1,42.0,91.0,0.462,13.0,40.0,0.325,17.0,21.0,0.81,7.0,36.0,43.0,31.0,11.0,7.0,16.0,29.0,114,18,2018-11-23,2019,BOS,1545.0255148154,1318.491968555,1554.03051783558,1309.48696553482,1608.42318082727,1320.158581596,114.0,96.0,30,1.0
52,22018,21800283,2018-11-24,1610612738,BOS,BOS @ DAL,0,41.0,86.0,0.477,10.0,28.0,0.357,12.0,13.0,0.923,9.0,33.0,42.0,19.0,8.0,3.0,18.0,21.0,104,-9,2018-11-24,2019,BOS,1554.03051783558,1453.97152370806,1544.29457608253,1463.70746546111,1608.87217332375,1421.51787918245,104.0,113.0,55,0.0
53,22018,21800298,2018-11-26,1610612738,BOS,BOS @ NOP,1,48.0,97.0,0.495,19.0,39.0,0.487,9.0,10.0,0.9,14.0,28.0,42.0,27.0,14.0,4.0,15.0,25.0,124,17,2018-11-26,2019,BOS,1544.29457608253,1562.95354496228,1565.80020596513,1541.44791507968,1607.71830064422,1565.68047740951,124.0,107.0,82,1.0
244,22018,21800319,2018-11-30,1610612738,BOS,BOS @ CLE,1,49.0,92.0,0.533,17.0,31.0,0.548,13.0,16.0,0.813,12.0,35.0,47.0,30.0,4.0,4.0,10.0,27.0,128,33,2018-11-30,2019,BOS,1565.80020596513,1442.28647452194,1574.40747190576,1433.67920858131,1587.74524621516,1298.25447010011,128.0,95.0,23,1.0
54,22018,21800335,2018-12-01,1610612738,BOS,BOS @ MIN,1,40.0,85.0,0.471,17.0,44.0,0.386,21.0,21.0,1.0,7.0,33.0,40.0,30.0,9.0,3.0,14.0,25.0,118,9,2018-12-01,2019,BOS,1574.40747190576,1532.44186643324,1586.30460502648,1520.54473331252,1643.01937918582,1577.44168063669,118.0,109.0,87,1.0
245,22018,21800365,2018-12-06,1610612738,BOS,BOS @ NYK,1,49.0,92.0,0.533,13.0,38.0,0.342,17.0,20.0,0.85,7.0,39.0,46.0,32.0,8.0,6.0,9.0,24.0,128,28,2018-12-06,2019,BOS,1586.30460502648,1392.89234919897,1591.55687139823,1387.64008282722,1650.12545318336,1316.33258780005,128.0,100.0,36,1.0
55,22018,21800383,2018-12-08,1610612738,BOS,BOS @ CHI,1,50.0,93.0,0.538,22.0,43.0,0.512,11.0,15.0,0.733,13.0,41.0,54.0,34.0,10.0,4.0,7.0,14.0,133,56,2018-12-08,2019,BOS,1591.55687139823,1322.09064953049,1608.33863842683,1305.30888250189,1615.57742407921,1347.11222866291,133.0,77.0,38,1.0
246,22018,21800393,2018-12-10,1610612738,BOS,BOS @ NOP,1,44.0,90.0,0.489,12.0,39.0,0.308,13.0,19.0,0.684,14.0,37.0,51.0,23.0,8.0,5.0,15.0,21.0,113,13,2018-12-10,2019,BOS,1608.33863842683,1558.29610116084,1614.82725037941,1551.80748920826,1553.63040161442,1573.04818920353,113.0,100.0,75,1.0
56,22018,21800409,2018-12-12,1610612738,BOS,BOS @ WAS,1,47.0,104.0,0.452,11.0,38.0,0.289,25.0,25.0,1.0,14.0,36.0,50.0,20.0,6.0,2.0,14.0,19.0,130,5,2018-12-12,2019,BOS,1614.82725037941,1453.80463464494,1620.37054287055,1448.2613421538,1509.14682965006,1379.38074944079,130.0,125.0,27,1.0
247,22018,21800420,2018-12-14,1610612738,BOS,BOS @ ATL,1,46.0,95.0,0.484,19.0,39.0,0.487,18.0,20.0,0.9,13.0,34.0,47.0,28.0,15.0,9.0,22.0,21.0,129,21,2018-12-14,2019,BOS,1620.37054287055,1317.39483618344,1622.66468527089,1315.1006937831,1556.87574967205,1302.28521098144,129.0,108.0,20,1.0
57,22018,21800431,2018-12-15,1610612738,BOS,BOS @ DET,0,39.0,94.0,0.415,9.0,33.0,0.273,17.0,23.0,0.739,12.0,32.0,44.0,19.0,11.0,4.0,14.0,25.0,104,-9,2018-12-15,2019,BOS,1622.66468527089,1466.22047186168,1610.82881658292,1478.05634054965,1631.11683608514,1495.32920025611,104.0,113.0,74,0.0
248,22018,21800458,2018-12-19,1610612738,BOS,BOS @ PHX,0,38.0,85.0,0.447,15.0,39.0,0.385,12.0,14.0,0.857,9.0,28.0,37.0,26.0,13.0,15.0,16.0,17.0,103,-8,2018-12-19,2019,BOS,1610.82881658292,1311.52859922395,1586.58145139624,1335.77596441063,1626.64731583389,1327.42898370237,103.0,111.0,35,0.0
249,22018,21800473,2018-12-21,1610612738,BOS,BOS @ MIL,0,35.0,91.0,0.385,10.0,34.0,0.294,27.0,36.0,0.75,9.0,27.0,36.0,22.0,13.0,3.0,5.0,16.0,107,-13,2018-12-21,2019,BOS,1586.58145139624,1632.51167935887,1571.7975839651,1647.29554679001,1625.33807155422,1629.91505215062,107.0,120.0,91,0.0
250,22018,21800488,2018-12-23,1610612738,BOS,BOS @ CHA,1,43.0,86.0,0.5,13.0,39.0,0.333,20.0,25.0,0.8,11.0,36.0,47.0,30.0,8.0,4.0,14.0,22.0,119,16,2018-12-23,2019,BOS,1571.7975839651,1495.17605716573,1578.34261412087,1488.63102700996,1621.22510744437,1506.57309429294,119.0,103.0,74,1.0
251,22018,21800499,2018-12-25,1610612738,BOS,BOS @ PHI,1,45.0,108.0,0.417,14.0,41.0,0.341,17.0,20.0,0.85,13.0,42.0,55.0,21.0,8.0,4.0,9.0,21.0,121,7,2018-12-25,2019,BOS,1578.34261412087,1585.71837309003,1584.13503643485,1579.92595077605,1650.97005193632,1660.52221369788,121.0,114.0,95,1.0
58,22018,21800512,2018-12-27,1610612738,BOS,BOS @ HOU,0,38.0,81.0,0.469,12.0,31.0,0.387,25.0,31.0,0.806,6.0,31.0,37.0,28.0,9.0,3.0,11.0,22.0,113,-14,2018-12-27,2019,BOS,1584.13503643485,1591.37105424705,1575.83382787784,1599.67226280406,1666.67387471566,1562.08606159875,113.0,127.0,88,0.0
59,22018,21800531,2018-12-29,1610612738,BOS,BOS @ MEM,1,40.0,80.0,0.5,16.0,36.0,0.444,16.0,18.0,0.889,7.0,29.0,36.0,29.0,10.0,4.0,17.0,24.0,112,9,2018-12-29,2019,BOS,1575.83382787784,1467.50528038362,1585.27148608097,1458.06762218049,1661.28990507818,1527.82613773199,112.0,103.0,83,1.0
60,22018,21800545,2018-12-31,1610612738,BOS,BOS @ SAS,0,43.0,88.0,0.489,11.0,34.0,0.324,14.0,20.0,0.7,9.0,31.0,40.0,30.0,5.0,8.0,12.0,17.0,111,-9,2018-12-31,2019,BOS,1585.27148608097,1570.07484630991,1578.33783857511,1577.00849381577,1666.59761851869,1449.40030160965,111.0,120.0,71,0.0
252,22018,21800558,2019-01-02,1610612738,BOS,BOS @ MIN,1,45.0,76.0,0.592,12.0,30.0,0.4,13.0,15.0,0.867,3.0,30.0,33.0,34.0,10.0,9.0,16.0,21.0,115,13,2019-01-02,2019,BOS,1578.33783857511,1515.89609378608,1584.45132345061,1509.78260891058,1577.75617868976,1474.48356914781,115.0,102.0,61,1.0
253,22018,21800566,2019-01-04,1610612738,BOS,BOS @ DAL,1,42.0,96.0,0.438,21.0,45.0,0.467,9.0,11.0,0.818,14.0,39.0,53.0,35.0,12.0,4.0,13.0,16.0,114,21,2019-01-04,2019,BOS,1584.45132345061,1510.23764147501,1592.4353803433,1502.25358458232,1582.6836234847,1468.62389219763,114.0,93.0,60,1.0
254,22018,21800592,2019-01-07,1610612738,BOS,BOS @ BKN,1,47.0,93.0,0.505,12.0,32.0,0.375,10.0,12.0,0.833,6.0,37.0,43.0,37.0,13.0,2.0,14.0,21.0,116,21,2019-01-07,2019,BOS,1592.4353803433,1481.86042706201,1599.08752667452,1475.20828073079,1594.32007436763,1465.1122787502,116.0,95.0,62,1.0
255,22018,21800607,2019-01-09,1610612738,BOS,BOS @ IND,1,50.0,88.0,0.568,14.0,32.0,0.438,21.0,24.0,0.875,9.0,39.0,48.0,32.0,7.0,7.0,14.0,25.0,135,27,2019-01-09,2019,BOS,1599.08752667452,1632.3774092954,1614.67268193272,1616.7922540372,1621.99402361203,1515.39187159999,135.0,108.0,76,1.0
61,22018,21800617,2019-01-10,1610612738,BOS,BOS @ MIA,0,36.0,89.0,0.404,12.0,34.0,0.353,15.0,17.0,0.882,9.0,28.0,37.0,20.0,5.0,8.0,11.0,10.0,99,-16,2019-01-10,2019,BOS,1614.67268193272,1494.94969535674,1599.57872639868,1510.04365089078,1637.27290703845,1468.85861565837,99.0,115.0,70,0.0
62,22018,21800632,2019-01-12,1610612738,BOS,BOS @ ORL,0,38.0,90.0,0.422,8.0,32.0,0.25,19.0,28.0,0.679,10.0,36.0,46.0,19.0,7.0,3.0,8.0,18.0,103,-2,2019-01-12,2019,BOS,1599.57872639868,1404.73410764394,1592.95724386958,1411.35559017304,1670.1146341914,1428.07433660744,103.0,105.0,67,0.0
63,22018,21800645,2019-01-14,1610612738,BOS,BOS @ BKN,0,37.0,91.0,0.407,11.0,36.0,0.306,17.0,23.0,0.739,10.0,31.0,41.0,21.0,10.0,8.0,12.0,21.0,102,-7,2019-01-14,2019,BOS,1592.95724386958,1476.18425195495,1584.01871453536,1485.12278128917,1547.09243613165,1463.91135621853,102.0,109.0,52,0.0
256,22018,21800658,2019-01-16,1610612738,BOS,BOS @ TOR,1,46.0,92.0,0.5,14.0,30.0,0.467,11.0,13.0,0.846,14.0,35.0,49.0,32.0,7.0,6.0,15.0,24.0,117,9,2019-01-16,2019,BOS,1584.01871453536,1641.02409567298,1592.27029016227,1632.77252004607,1550.56539418736,1654.1213520876,117.0,108.0,86,1.0
257,22018,21800671,2019-01-18,1610612738,BOS,BOS @ MEM,1,44.0,86.0,0.512,17.0,38.0,0.447,17.0,22.0,0.773,10.0,42.0,52.0,29.0,5.0,9.0,17.0,20.0,122,6,2019-01-18,2019,BOS,1592.27029016227,1419.2010767177,1594.45271777745,1417.01864910252,1662.6338441346,1438.58417571188,122.0,116.0,68,1.0
64,22018,21800683,2019-01-19,1610612738,BOS,BOS @ ATL,1,39.0,88.0,0.443,12.0,32.0,0.375,23.0,25.0,0.92,11.0,32.0,43.0,19.0,10.0,8.0,15.0,18.0,113,8,2019-01-19,2019,BOS,1594.45271777745,1387.85297493037,1600.32940580212,1381.9762869057,1660.67278353553,1315.31885859727,113.0,105.0,37,1.0
258,22018,21800698,2019-01-21,1610612738,BOS,BOS @ MIA,1,43.0,87.0,0.494,12.0,30.0,0.4,9.0,10.0,0.9,8.0,28.0,36.0,26.0,13.0,7.0,19.0,21.0,107,8,2019-01-21,2019,BOS,1600.32940580212,1506.70653741263,1604.21329520725,1502.8226480075,1659.59286554943,1473.35801831289,107.0,99.0,74,1.0
259,22018,21800707,2019-01-23,1610612738,BOS,BOS @ CLE,1,45.0,86.0,0.523,12.0,25.0,0.48,21.0,23.0,0.913,9.0,34.0,43.0,25.0,12.0,5.0,14.0,20.0,123,20,2019-01-23,2019,BOS,1604.21329520725,1288.39111507298,1606.26982479613,1286.3345854841,1544.15941445231,1009.11473050986,123.0,103.0,0,1.0
260,22018,21800732,2019-01-26,1610612738,BOS,BOS @ GSW,0,41.0,99.0,0.414,15.0,40.0,0.375,14.0,15.0,0.933,15.0,34.0,49.0,23.0,6.0,4.0,14.0,22.0,111,-4,2019-01-26,2019,BOS,1606.26982479613,1688.64142656883,1599.52978886466,1695.3814625003,1540.6225338303,1811.85539452791,111.0,115.0,96,0.0
261,22018,21800746,2019-01-28,1610612738,BOS,BOS @ BKN,1,45.0,100.0,0.45,13.0,40.0,0.325,9.0,10.0,0.9,16.0,36.0,52.0,29.0,11.0,16.0,18.0,16.0,112,8,2019-01-28,2019,BOS,1599.52978886466,1518.53993007393,1603.66644038385,1514.40327855474,1662.23167643307,1425.09962043411,112.0,104.0,65,1.0
262,22018,21800756,2019-01-30,1610612738,BOS,BOS @ CHA,1,50.0,90.0,0.556,12.0,29.0,0.414,14.0,16.0,0.875,12.0,41.0,53.0,34.0,10.0,7.0,12.0,14.0,126,32,2019-01-30,2019,BOS,1603.66644038385,1486.11323325308,1612.34546087718,1477.43421275975,1581.61945503653,1463.79014074486,126.0,94.0,59,1.0
65,22018,21800771,2019-02-01,1610612738,BOS,BOS @ NYK,1,46.0,100.0,0.46,13.0,37.0,0.351,8.0,10.0,0.8,11.0,32.0,43.0,25.0,11.0,7.0,7.0,18.0,113,14,2019-02-01,2019,BOS,1612.34546087718,1281.72549975528,1616.89650518908,1277.17445544338,1594.19132216339,1167.20312170302,113.0,99.0,5,1.0
263,22018,21800788,2019-02-03,1610612738,BOS,BOS @ OKC,1,54.0,91.0,0.593,13.0,34.0,0.382,13.0,17.0,0.765,5.0,33.0,38.0,36.0,8.0,6.0,14.0,22.0,134,5,2019-02-03,2019,BOS,1616.89650518908,1616.47324961306,1621.57846122815,1611.79129357399,1635.33754759872,1609.36343564476,134.0,129.0,90,1.0
66,22018,21800797,2019-02-05,1610612738,BOS,BOS @ CLE,1,40.0,82.0,0.488,9.0,26.0,0.346,14.0,14.0,1.0,8.0,34.0,42.0,29.0,10.0,10.0,13.0,14.0,103,7,2019-02-05,2019,BOS,1621.57846122815,1288.25521164134,1624.51346793579,1285.3202049337,1678.73331768022,1235.5542593961,103.0,96.0,22,1.0
264,22018,21800814,2019-02-07,1610612738,BOS,BOS @ LAL,0,46.0,94.0,0.489,16.0,38.0,0.421,20.0,20.0,1.0,11.0,37.0,48.0,35.0,7.0,5.0,8.0,16.0,128,-1,2019-02-07,2019,BOS,1624.51346793579,1473.87318518759,1616.33459722177,1482.05205590161,1593.57387381218,1495.42794192203,128.0,129.0,68,0.0
265,22018,21800829,2019-02-09,1610612738,BOS,BOS @ LAC,0,39.0,92.0,0.424,9.0,26.0,0.346,25.0,31.0,0.806,8.0,37.0,45.0,21.0,9.0,3.0,12.0,29.0,112,-11,2019-02-09,2019,BOS,1616.33459722177,1499.22521593786,1595.61914822461,1519.94066493502,1633.43176117191,1429.38260424873,112.0,123.0,61,0.0
67,22018,21800849,2019-02-12,1610612738,BOS,BOS @ PHI,1,41.0,88.0,0.466,13.0,29.0,0.448,17.0,21.0,0.81,8.0,33.0,41.0,24.0,9.0,3.0,5.0,23.0,112,3,2019-02-12,2019,BOS,1595.61914822461,1628.02401599225,1604.14602234917,1619.49714186769,1584.04159573295,1676.1996185458,112.0,109.0,91,1.0
266,22018,21800855,2019-02-13,1610612738,BOS,BOS @ DET,1,45.0,88.0,0.511,16.0,39.0,0.41,12.0,15.0,0.8,10.0,37.0,47.0,32.0,8.0,2.0,16.0,22.0,118,8,2019-02-13,2019,BOS,1604.14602234917,1481.97749075829,1607.50314332875,1478.62036977871,1561.87085264797,1488.26149220118,118.0,110.0,60,1.0
68,22018,21800870,2019-02-21,1610612738,BOS,BOS @ MIL,0,39.0,102.0,0.382,14.0,40.0,0.35,5.0,6.0,0.833,12.0,38.0,50.0,19.0,11.0,9.0,7.0,15.0,97,-1,2019-02-21,2019,BOS,1607.50314332875,1695.78035245487,1605.72717024201,1697.55632554161,1579.71992280006,1715.11106095235,97.0,98.0,93,0.0
69,22018,21800889,2019-02-23,1610612738,BOS,BOS @ CHI,0,45.0,92.0,0.489,10.0,29.0,0.345,16.0,21.0,0.762,6.0,26.0,32.0,26.0,6.0,7.0,7.0,18.0,116,-10,2019-02-23,2019,BOS,1605.72717024201,1340.15734678998,1588.46040058,1357.42411645199,1624.55762717166,1345.1370239351,116.0,126.0,39,0.0
70,22018,21800909,2019-02-26,1610612738,BOS,BOS @ TOR,0,33.0,86.0,0.384,6.0,30.0,0.2,23.0,28.0,0.821,10.0,37.0,47.0,24.0,6.0,4.0,14.0,20.0,95,-23,2019-02-26,2019,BOS,1588.46040058,1635.02406585414,1578.73259951305,1644.75186692109,1663.2141540214,1673.61499165128,95.0,118.0,96,0.0
267,22018,21800913,2019-02-27,1610612738,BOS,BOS @ POR,0,40.0,86.0,0.465,5.0,28.0,0.179,7.0,10.0,0.7,8.0,33.0,41.0,20.0,5.0,4.0,17.0,20.0,92,-5,2019-02-27,2019,BOS,1578.73259951305,1628.59024348072,1570.3503285703,1636.97251442347,1652.7598315333,1619.1007686162,92.0,97.0,92,0.0
268,22018,21800931,2019-03-01,1610612738,BOS,BOS @ WAS,1,42.0,94.0,0.447,10.0,35.0,0.286,13.0,17.0,0.765,11.0,35.0,46.0,26.0,12.0,3.0,12.0,18.0,107,11,2019-03-01,2019,BOS,1570.3503285703,1466.24696273712,1574.81756586977,1461.77972543765,1651.99035448151,1447.69056235022,107.0,96.0,68,1.0
269,22018,21800945,2019-03-03,1610612738,BOS,BOS @ HOU,0,37.0,77.0,0.481,8.0,28.0,0.286,22.0,29.0,0.759,8.0,36.0,44.0,23.0,7.0,0.0,13.0,23.0,104,-11,2019-03-03,2019,BOS,1574.81756586977,1622.81940657941,1561.6214665636,1636.01550588558,1661.80098213347,1692.39115948237,104.0,115.0,97,0.0
71,22018,21800964,2019-03-05,1610612738,BOS,BOS @ GSW,1,49.0,96.0,0.51,14.0,34.0,0.412,16.0,17.0,0.941,9.0,37.0,46.0,38.0,12.0,5.0,11.0,24.0,128,33,2019-03-05,2019,BOS,1561.6214665636,1683.15712539726,1606.16036534939,1638.61822661147,1652.1281279728,1784.93716086805,128.0,95.0,99,1.0
72,22018,21800973,2019-03-06,1610612738,BOS,BOS @ SAC,1,40.0,79.0,0.506,13.0,33.0,0.394,18.0,21.0,0.857,3.0,32.0,35.0,26.0,11.0,1.0,18.0,22.0,111,2,2019-03-06,2019,BOS,1606.16036534939,1471.01779487881,1610.38634472093,1466.79181550727,1658.42272414319,1444.27325213034,111.0,109.0,69,1.0
73,22018,21800989,2019-03-09,1610612738,BOS,BOS @ LAL,1,48.0,93.0,0.516,14.0,38.0,0.368,10.0,14.0,0.714,6.0,37.0,43.0,32.0,6.0,5.0,13.0,17.0,120,13,2019-03-09,2019,BOS,1610.38634472093,1426.95790490163,1619.16619533053,1418.17805429203,1576.15673481375,1499.42681543736,120.0,107.0,66,1.0
74,22018,21801006,2019-03-11,1610612738,BOS,BOS @ LAC,0,44.0,91.0,0.484,14.0,36.0,0.389,13.0,19.0,0.684,7.0,22.0,29.0,26.0,11.0,4.0,13.0,24.0,115,-25,2019-03-11,2019,BOS,1619.16619533053,1546.22799301692,1601.85926920391,1563.53491914354,1610.76106537016,1481.10084873734,115.0,140.0,68,0.0
270,22018,21801022,2019-03-14,1610612738,BOS,BOS @ SAC,1,49.0,97.0,0.505,9.0,28.0,0.321,19.0,26.0,0.731,10.0,42.0,52.0,32.0,7.0,2.0,13.0,20.0,126,6,2019-03-14,2019,BOS,1601.85926920391,1467.79550221933,1604.54657829253,1465.10819313071,1573.23653910913,1447.4397172886,126.0,120.0,54,1.0
271,22018,21801034,2019-03-16,1610612738,BOS,BOS @ ATL,1,44.0,93.0,0.473,13.0,36.0,0.361,28.0,37.0,0.757,11.0,35.0,46.0,30.0,10.0,7.0,14.0,21.0,129,9,2019-03-16,2019,BOS,1604.54657829253,1376.6626261436,1606.57515286305,1374.63405157308,1583.57181757809,1348.34853178886,129.0,120.0,33,1.0
272,22018,21801052,2019-03-18,1610612738,BOS,BOS @ DEN,0,39.0,93.0,0.419,12.0,39.0,0.308,15.0,19.0,0.789,12.0,25.0,37.0,24.0,12.0,5.0,13.0,16.0,105,-9,2019-03-18,2019,BOS,1606.57515286305,1597.32152766175,1592.6614010801,1611.2352794447,1649.92178921098,1638.25323871779,105.0,114.0,93,0.0
75,22018,21801067,2019-03-20,1610612738,BOS,BOS @ PHI,0,45.0,96.0,0.469,12.0,32.0,0.375,13.0,16.0,0.813,10.0,36.0,46.0,22.0,1.0,3.0,9.0,25.0,115,-3,2019-03-20,2019,BOS,1592.6614010801,1631.75970916515,1589.54358736573,1634.87752287952,1644.96033492577,1577.14051652104,115.0,118.0,88,0.0
76,22018,21801087,2019-03-23,1610612738,BOS,BOS @ CHA,0,44.0,93.0,0.473,19.0,43.0,0.442,10.0,15.0,0.667,7.0,35.0,42.0,31.0,6.0,8.0,11.0,23.0,117,-7,2019-03-23,2019,BOS,1589.54358736573,1451.51620646809,1579.92095273236,1461.13884110146,1645.51052436571,1441.22610125887,117.0,124.0,66,0.0
273,22018,21801100,2019-03-24,1610612738,BOS,BOS @ SAS,0,38.0,94.0,0.404,7.0,35.0,0.2,13.0,16.0,0.813,11.0,34.0,45.0,23.0,4.0,2.0,8.0,14.0,96,-19,2019-03-24,2019,BOS,1579.92095273236,1561.83387685391,1556.74879260599,1585.00603698028,1657.5961943574,1505.40109798289,96.0,115.0,79,0.0
77,22018,21801108,2019-03-26,1610612738,BOS,BOS @ CLE,1,46.0,91.0,0.505,10.0,25.0,0.4,14.0,19.0,0.737,11.0,35.0,46.0,23.0,8.0,3.0,10.0,21.0,116,10,2019-03-26,2019,BOS,1556.74879260599,1347.7335096603,1563.39345898107,1341.08884328522,1427.70331612433,1289.11924051553,116.0,106.0,6,1.0
274,22018,21801130,2019-03-29,1610612738,BOS,BOS @ IND,1,44.0,86.0,0.512,13.0,27.0,0.481,13.0,17.0,0.765,7.0,36.0,43.0,27.0,8.0,5.0,14.0,19.0,114,2,2019-03-29,2019,BOS,1563.39345898107,1564.0772117674,1566.62387473012,1560.84679601835,1563.18485969948,1528.31402334398,114.0,112.0,69,1.0
78,22018,21801137,2019-03-30,1610612738,BOS,BOS @ BKN,0,35.0,83.0,0.422,8.0,20.0,0.4,18.0,23.0,0.783,7.0,32.0,39.0,19.0,8.0,7.0,15.0,25.0,96,-14,2019-03-30,2019,BOS,1566.62387473012,1473.27992897834,1554.07537807188,1485.82842563658,1649.40929726307,1465.08038321058,96.0,110.0,71,0.0
275,22018,21801153,2019-04-01,1610612738,BOS,BOS @ MIA,1,36.0,91.0,0.396,17.0,40.0,0.425,21.0,24.0,0.875,14.0,35.0,49.0,25.0,8.0,2.0,13.0,18.0,110,5,2019-04-01,2019,BOS,1554.07537807188,1511.99556515125,1557.94539001951,1508.12555320362,1649.17117936862,1395.55115974709,110.0,105.0,56,1.0
79,22018,21801170,2019-04-03,1610612738,BOS,BOS @ MIA,1,38.0,80.0,0.475,9.0,24.0,0.375,27.0,31.0,0.871,6.0,36.0,42.0,25.0,8.0,7.0,12.0,21.0,112,10,2019-04-03,2019,BOS,1557.94539001951,1508.12555320362,1570.30766940718,1495.76327381595,1663.63942762808,1402.88866495369,112.0,102.0,60,1.0
80,22018,21801183,2019-04-05,1610612738,BOS,BOS @ IND,1,48.0,92.0,0.522,7.0,27.0,0.259,14.0,16.0,0.875,7.0,42.0,49.0,27.0,7.0,6.0,11.0,15.0,117,20,2019-04-05,2019,BOS,1570.30766940718,1577.08225439896,1593.5550190687,1553.83490473744,1665.47690845629,1502.22335711149,117.0,97.0,80,1.0
276,22018,21801203,2019-04-07,1610612738,BOS,BOS @ ORL,0,42.0,89.0,0.472,12.0,31.0,0.387,12.0,14.0,0.857,6.0,33.0,39.0,28.0,9.0,4.0,14.0,19.0,108,-8,2019-04-07,2019,BOS,1593.5550190687,1569.29751064662,1580.01424226881,1582.83828744651,1669.90672933976,1514.57023170236,108.0,116.0,82,0.0
81,22018,21801211,2019-04-09,1610612738,BOS,BOS @ WAS,1,45.0,99.0,0.455,15.0,44.0,0.341,11.0,23.0,0.478,13.0,37.0,50.0,27.0,10.0,3.0,6.0,17.0,116,6,2019-04-09,2019,BOS,1580.01424226881,1417.45294410953,1586.06651568523,1411.40067069311,1302.01538554485,1420.40070517338,116.0,110.0,6,1.0
82,22019,21900008,2019-10-23,1610612738,BOS,BOS @ PHI,0,33.0,90.0,0.367,7.0,26.0,0.269,20.0,34.0,0.588,10.0,31.0,41.0,18.0,4.0,2.0,11.0,29.0,93,-14,2019-10-23,2020,BOS,1577.78355171342,1582.39677605164,1569.38451361793,1590.79581414713,1568.193391004,1650.77418403123,93.0,107.0,87,0.0
277,22019,21900017,2019-10-25,1610612738,BOS,BOS @ TOR,1,42.0,109.0,0.385,13.0,38.0,0.342,15.0,16.0,0.938,21.0,35.0,56.0,21.0,10.0,8.0,10.0,20.0,112,6,2019-10-25,2020,BOS,1569.38451361793,1674.58414486437,1577.26574275976,1666.70291572254,1566.71711171307,1570.62987744293,112.0,106.0,77,1.0
83,22019,21900029,2019-10-26,1610612738,BOS,BOS @ NYK,1,42.0,93.0,0.452,15.0,41.0,0.366,19.0,29.0,0.655,13.0,33.0,46.0,24.0,14.0,9.0,13.0,26.0,118,23,2019-10-26,2020,BOS,1577.26574275976,1315.47734679743,1586.30941437987,1306.43367517732,1567.32789333803,1299.37231250605,118.0,95.0,21,1.0
278,22019,21900058,2019-10-30,1610612738,BOS,BOS @ MIL,1,41.0,92.0,0.446,17.0,41.0,0.415,17.0,21.0,0.81,5.0,40.0,45.0,25.0,4.0,4.0,10.0,20.0,116,11,2019-10-30,2020,BOS,1586.30941437987,1642.07734806228,1595.59777165708,1632.78899078507,1521.68825630277,1636.8246310262,116.0,105.0,79,1.0
279,22019,21900072,2019-11-01,1610612738,BOS,BOS @ NYK,1,33.0,74.0,0.446,11.0,34.0,0.324,27.0,29.0,0.931,3.0,41.0,44.0,21.0,7.0,4.0,14.0,16.0,104,2,2019-11-01,2020,BOS,1595.59777165708,1310.91005677326,1596.32535891392,1310.18246951642,1554.97078886954,1280.18544839715,104.0,102.0,16,1.0
84,22019,21900098,2019-11-05,1610612738,BOS,BOS @ CLE,1,48.0,85.0,0.565,12.0,30.0,0.4,11.0,15.0,0.733,4.0,41.0,45.0,24.0,5.0,12.0,14.0,23.0,119,6,2019-11-05,2020,BOS,1596.32535891392,1344.12189299356,1600.37832372115,1340.06892818633,1557.25575598271,1361.34776042541,119.0,113.0,31,1.0
85,22019,21900112,2019-11-07,1610612738,BOS,BOS @ CHA,1,40.0,93.0,0.43,10.0,33.0,0.303,18.0,23.0,0.783,11.0,41.0,52.0,29.0,13.0,5.0,13.0,19.0,108,21,2019-11-07,2020,BOS,1600.37832372115,1483.17285886482,1616.26860442212,1467.28257816385,1594.08015275135,1340.15176613595,108.0,87.0,32,1.0
86,22019,21900127,2019-11-09,1610612738,BOS,BOS @ SAS,1,48.0,94.0,0.511,14.0,37.0,0.378,25.0,28.0,0.893,7.0,36.0,43.0,28.0,11.0,11.0,9.0,25.0,135,20,2019-11-09,2020,BOS,1616.26860442212,1559.88423842856,1635.36061787364,1540.79222497704,1610.52629716291,1463.64680031776,135.0,115.0,64,1.0
280,22019,21900141,2019-11-11,1610612738,BOS,BOS @ DAL,1,41.0,86.0,0.477,15.0,35.0,0.429,19.0,25.0,0.76,10.0,36.0,46.0,25.0,4.0,5.0,9.0,27.0,116,10,2019-11-11,2020,BOS,1635.36061787364,1491.23214505705,1638.78083757627,1487.81192535442,1607.34358805176,1578.79972309643,116.0,106.0,84,1.0
281,22019,21900156,2019-11-13,1610612738,BOS,BOS @ WAS,1,49.0,96.0,0.51,16.0,36.0,0.444,26.0,29.0,0.897,10.0,34.0,44.0,32.0,5.0,5.0,12.0,26.0,140,7,2019-11-13,2020,BOS,1638.78083757627,1408.13245827297,1640.50698344581,1406.40631240343,1606.94469853782,1420.53033164776,140.0,133.0,54,1.0
87,22019,21900173,2019-11-15,1610612738,BOS,BOS @ GSW,1,37.0,91.0,0.407,13.0,33.0,0.394,18.0,23.0,0.783,11.0,36.0,47.0,24.0,13.0,5.0,14.0,24.0,105,5,2019-11-15,2020,BOS,1640.50698344581,1498.75768250674,1646.50251805039,1492.76214790216,1590.99516900404,1371.03176679958,105.0,100.0,39,1.0
88,22019,21900184,2019-11-17,1610612738,BOS,BOS @ SAC,0,34.0,82.0,0.415,10.0,30.0,0.333,21.0,24.0,0.875,10.0,36.0,46.0,26.0,7.0,3.0,15.0,14.0,99,-1,2019-11-17,2020,BOS,1646.50251805039,1455.61659835216,1641.02876650063,1461.09034990192,1570.52185753536,1481.24452067861,99.0,100.0,61,0.0
89,22019,21900195,2019-11-18,1610612738,BOS,BOS @ PHX,1,37.0,89.0,0.416,12.0,41.0,0.293,13.0,17.0,0.765,11.0,41.0,52.0,22.0,12.0,5.0,17.0,21.0,99,14,2019-11-18,2020,BOS,1641.02876650063,1427.25050877958,1649.08920069425,1419.19007458596,1562.08793914207,1557.47407201091,99.0,85.0,74,1.0
90,22019,21900212,2019-11-20,1610612738,BOS,BOS @ LAC,0,41.0,104.0,0.394,12.0,45.0,0.267,10.0,14.0,0.714,18.0,35.0,53.0,26.0,11.0,2.0,18.0,22.0,104,-3,2019-11-20,2020,BOS,1649.08920069425,1565.16238030637,1643.82472781068,1570.42685318994,1577.24171050356,1720.84580658445,104.0,107.0,94,0.0
91,22019,21900222,2019-11-22,1610612738,BOS,BOS @ DEN,0,33.0,81.0,0.407,7.0,27.0,0.259,19.0,23.0,0.826,5.0,35.0,40.0,21.0,12.0,6.0,13.0,19.0,92,-4,2019-11-22,2020,BOS,1643.82472781068,1611.32036618954,1638.97559222066,1616.16950177956,1604.13175281578,1611.6274483718,92.0,96.0,87,0.0
282,22019,21900244,2019-11-25,1610612738,BOS,BOS @ SAC,1,38.0,85.0,0.447,7.0,30.0,0.233,20.0,23.0,0.87,11.0,27.0,38.0,20.0,10.0,4.0,12.0,16.0,103,1,2019-11-25,2020,BOS,1638.97559222066,1465.19908568814,1640.11198245281,1464.06269545599,1550.1037390077,1434.49431903336,103.0,102.0,47,1.0
283,22019,21900253,2019-11-27,1610612738,BOS,BOS @ BKN,1,43.0,97.0,0.443,13.0,34.0,0.382,22.0,24.0,0.917,19.0,36.0,55.0,23.0,10.0,5.0,14.0,17.0,121,11,2019-11-27,2020,BOS,1640.11198245281,1477.00617890715,1643.39158554201,1473.72657581795,1554.24264358403,1442.31087922398,121.0,110.0,49,1.0
92,22019,21900267,2019-11-29,1610612738,BOS,BOS @ BKN,0,41.0,93.0,0.441,9.0,28.0,0.321,16.0,21.0,0.762,16.0,32.0,48.0,16.0,11.0,7.0,19.0,14.0,107,-5,2019-11-29,2020,BOS,1643.39158554201,1473.72657581795,1634.46420224744,1482.65395911252,1592.74939029071,1465.84882870929,107.0,112.0,62,0.0
93,22019,21900285,2019-12-01,1610612738,BOS,BOS @ NYK,1,41.0,93.0,0.441,15.0,41.0,0.366,16.0,22.0,0.727,16.0,28.0,44.0,25.0,5.0,7.0,14.0,28.0,113,9,2019-12-01,2020,BOS,1634.46420224744,1280.59671078843,1637.51044311957,1277.5504699163,1595.64718025824,1259.03532765924,113.0,104.0,17,1.0
284,22019,21900310,2019-12-04,1610612738,BOS,BOS @ MIA,1,35.0,79.0,0.443,16.0,41.0,0.39,26.0,32.0,0.813,10.0,36.0,46.0,21.0,8.0,8.0,11.0,20.0,112,19,2019-12-04,2020,BOS,1637.51044311957,1595.98907490546,1646.22651577859,1587.27300224644,1517.52232721456,1544.79818703029,112.0,93.0,63,1.0
285,22019,21900323,2019-12-06,1610612738,BOS,BOS @ DEN,1,44.0,82.0,0.537,13.0,35.0,0.371,7.0,8.0,0.875,4.0,33.0,37.0,21.0,5.0,5.0,16.0,23.0,108,13,2019-12-06,2020,BOS,1646.22651577859,1609.56785892627,1653.13827440784,1602.65610029702,1558.22484676518,1642.90667936017,108.0,95.0,85,1.0
286,22019,21900344,2019-12-09,1610612738,BOS,BOS @ CLE,1,45.0,78.0,0.577,15.0,27.0,0.556,5.0,8.0,0.625,5.0,34.0,39.0,22.0,8.0,9.0,18.0,19.0,110,22,2019-12-09,2020,BOS,1653.13827440784,1299.29681748505,1654.89400075026,1297.54109114263,1604.85944492534,1392.78163500657,110.0,88.0,47,1.0
94,22019,21900357,2019-12-11,1610612738,BOS,BOS @ IND,0,43.0,87.0,0.494,14.0,36.0,0.389,17.0,22.0,0.773,8.0,36.0,44.0,25.0,6.0,4.0,15.0,27.0,117,-5,2019-12-11,2020,BOS,1654.89400075026,1560.18664286625,1647.99303988529,1567.08760373122,1598.095743289,1494.33544779905,117.0,122.0,69,0.0
287,22019,21900367,2019-12-12,1610612738,BOS,BOS @ PHI,0,42.0,91.0,0.462,11.0,31.0,0.355,14.0,17.0,0.824,9.0,24.0,33.0,24.0,4.0,7.0,6.0,25.0,109,-6,2019-12-12,2020,BOS,1647.99303988529,1623.16105043828,1636.44212740194,1634.71196292163,1544.37256229382,1606.95630757855,109.0,115.0,79,0.0
95,22019,21900413,2019-12-18,1610612738,BOS,BOS @ DAL,1,35.0,86.0,0.407,12.0,38.0,0.316,27.0,30.0,0.9,14.0,40.0,54.0,13.0,3.0,4.0,16.0,21.0,109,6,2019-12-18,2020,BOS,1636.44212740194,1587.86803046823,1645.69166708346,1578.61849078671,1558.25019942229,1529.56813820495,109.0,103.0,68,1.0
288,22019,21900422,2019-12-20,1610612738,BOS,BOS @ DET,1,45.0,86.0,0.523,9.0,27.0,0.333,15.0,21.0,0.714,13.0,38.0,51.0,24.0,13.0,9.0,20.0,19.0,114,21,2019-12-20,2020,BOS,1645.69166708346,1454.53541604672,1650.02495479388,1450.2021283363,1638.37333757631,1383.20184558908,114.0,93.0,50,1.0
289,22019,21900440,2019-12-22,1610612738,BOS,BOS @ CHA,1,46.0,88.0,0.523,14.0,32.0,0.438,13.0,16.0,0.813,10.0,47.0,57.0,25.0,2.0,9.0,13.0,24.0,119,26,2019-12-22,2020,BOS,1650.02495479388,1417.90103371739,1654.03711802633,1413.88887048494,1659.58581329407,1331.46823862671,119.0,93.0,41,1.0
96,22019,21900455,2019-12-25,1610612738,BOS,BOS @ TOR,1,46.0,92.0,0.5,14.0,33.0,0.424,12.0,14.0,0.857,13.0,32.0,45.0,26.0,7.0,3.0,19.0,22.0,118,16,2019-12-25,2020,BOS,1654.03711802633,1647.18119153209,1673.20521542079,1628.01309413763,1600.3637915635,1537.34573213042,118.0,102.0,77,1.0
290,22019,21900466,2019-12-27,1610612738,BOS,BOS @ CLE,1,49.0,95.0,0.516,14.0,40.0,0.35,17.0,19.0,0.895,12.0,31.0,43.0,28.0,4.0,10.0,11.0,23.0,129,12,2019-12-27,2020,BOS,1673.20521542079,1328.76878993873,1674.43901997564,1327.53498538388,1677.83659128255,1371.1359748028,129.0,117.0,55,1.0
291,22019,21900473,2019-12-28,1610612738,BOS,BOS @ TOR,0,31.0,78.0,0.397,7.0,32.0,0.219,28.0,36.0,0.778,7.0,24.0,31.0,18.0,11.0,4.0,15.0,17.0,97,-16,2019-12-28,2020,BOS,1674.43901997564,1628.01309413763,1652.17499393517,1650.2771201781,1674.55046467442,1541.14778115958,97.0,113.0,86,0.0
97,22019,21900497,2019-12-31,1610612738,BOS,BOS @ CHA,1,44.0,97.0,0.454,14.0,38.0,0.368,7.0,10.0,0.7,15.0,39.0,54.0,25.0,12.0,9.0,13.0,16.0,109,17,2019-12-31,2020,BOS,1652.17499393517,1401.36100871533,1659.90327700663,1393.63272564387,1613.05180986974,1320.48198007978,109.0,92.0,31,1.0
292,22019,21900517,2020-01-03,1610612738,BOS,BOS @ ATL,1,41.0,93.0,0.441,6.0,25.0,0.24,21.0,29.0,0.724,12.0,42.0,54.0,23.0,9.0,7.0,13.0,16.0,109,3,2020-01-03,2020,BOS,1659.90327700663,1328.8499868393,1660.54493507315,1328.20832877278,1600.97849157746,1385.73775378365,109.0,106.0,45,1.0
98,22019,21900529,2020-01-04,1610612738,BOS,BOS @ CHI,1,43.0,82.0,0.524,8.0,19.0,0.421,17.0,21.0,0.81,13.0,31.0,44.0,22.0,10.0,5.0,20.0,22.0,111,7,2020-01-04,2020,BOS,1660.54493507315,1400.16173087341,1664.78444561927,1395.9222203273,1600.84883779145,1406.54627427161,111.0,104.0,49,1.0
99,22019,21900542,2020-01-06,1610612738,BOS,BOS @ WAS,0,33.0,95.0,0.347,8.0,37.0,0.216,20.0,26.0,0.769,16.0,39.0,55.0,17.0,7.0,8.0,17.0,20.0,94,-5,2020-01-06,2020,BOS,1664.78444561927,1396.07690769651,1652.98245123805,1407.87890207773,1629.73970655584,1301.2414019466,94.0,99.0,29,0.0
293,22019,21900554,2020-01-08,1610612738,BOS,BOS @ SAS,0,37.0,89.0,0.416,13.0,38.0,0.342,27.0,30.0,0.9,8.0,31.0,39.0,26.0,7.0,2.0,15.0,20.0,114,-15,2020-01-08,2020,BOS,1652.98245123805,1506.68481870057,1625.98738922005,1533.67988071857,1611.77885080348,1435.82184040538,114.0,129.0,59,0.0
100,22019,21900564,2020-01-09,1610612738,BOS,BOS @ PHI,0,38.0,88.0,0.432,14.0,36.0,0.389,8.0,8.0,1.0,8.0,30.0,38.0,17.0,8.0,1.0,15.0,16.0,98,-11,2020-01-09,2020,BOS,1625.98738922005,1593.30314784416,1617.53818987341,1601.7523471908,1597.83668202872,1574.80975797742,98.0,109.0,82,0.0
294,22019,21900578,2020-01-11,1610612738,BOS,BOS @ NOP,1,55.0,100.0,0.55,14.0,29.0,0.483,16.0,18.0,0.889,10.0,43.0,53.0,29.0,14.0,3.0,11.0,23.0,140,35,2020-01-11,2020,BOS,1617.53818987341,1474.08132427026,1625.63416639055,1465.98534775312,1613.79101674843,1391.01909500565,140.0,105.0,48,1.0
295,22019,21900593,2020-01-13,1610612738,BOS,BOS @ CHI,1,39.0,83.0,0.47,9.0,23.0,0.391,26.0,29.0,0.897,10.0,33.0,43.0,28.0,7.0,6.0,12.0,19.0,113,12,2020-01-13,2020,BOS,1625.63416639055,1393.39167368196,1628.00031701351,1391.025523059,1621.34871245192,1411.90163082683,113.0,101.0,55,1.0
296,22019,21900604,2020-01-15,1610612738,BOS,BOS @ DET,0,41.0,83.0,0.494,9.0,28.0,0.321,12.0,20.0,0.6,13.0,31.0,44.0,21.0,7.0,2.0,15.0,17.0,103,-13,2020-01-15,2020,BOS,1628.00031701351,1393.39017710461,1598.79272182009,1422.59777229803,1549.74568406588,1362.42465413095,103.0,116.0,30,0.0
101,22019,21900615,2020-01-16,1610612738,BOS,BOS @ MIL,0,43.0,98.0,0.439,15.0,49.0,0.306,22.0,27.0,0.815,10.0,33.0,43.0,16.0,4.0,7.0,8.0,25.0,123,-5,2020-01-16,2020,BOS,1598.79272182009,1742.27456707408,1596.46539712738,1744.60189176679,1544.67381092527,1704.90941005048,123.0,128.0,90,0.0
297,22019,21900628,2020-01-18,1610612738,BOS,BOS @ PHX,0,42.0,96.0,0.438,15.0,42.0,0.357,20.0,22.0,0.909,4.0,35.0,39.0,26.0,11.0,6.0,11.0,24.0,119,-4,2020-01-18,2020,BOS,1596.46539712738,1404.37212175974,1582.54955662376,1418.28796226336,1590.35891143191,1459.67524541915,119.0,123.0,60,0.0
298,22019,21900648,2020-01-20,1610612738,BOS,BOS @ LAL,1,52.0,93.0,0.559,16.0,34.0,0.471,19.0,29.0,0.655,14.0,34.0,48.0,31.0,10.0,5.0,12.0,26.0,139,32,2020-01-20,2020,BOS,1582.54955662376,1676.56792870585,1604.9666087885,1654.15087654111,1514.86449414419,1693.66077049422,139.0,107.0,85,1.0
299,22019,21900657,2020-01-22,1610612738,BOS,BOS @ MEM,1,45.0,89.0,0.506,14.0,32.0,0.438,15.0,20.0,0.75,9.0,35.0,44.0,32.0,11.0,9.0,11.0,14.0,119,24,2020-01-22,2020,BOS,1604.9666087885,1491.50719135314,1612.16870495323,1484.30509518841,1576.38806096749,1444.618996837,119.0,95.0,54,1.0
102,22019,21900671,2020-01-24,1610612738,BOS,BOS @ ORL,1,40.0,86.0,0.465,14.0,35.0,0.4,15.0,18.0,0.833,9.0,35.0,44.0,27.0,10.0,7.0,14.0,20.0,109,11,2020-01-24,2020,BOS,1612.16870495323,1505.38790527692,1622.9069407145,1494.64966951565,1455.71404645669,1523.80060013437,109.0,98.0,46,1.0
103,22019,21900691,2020-01-26,1610612738,BOS,BOS @ NOP,0,41.0,89.0,0.461,8.0,33.0,0.242,18.0,22.0,0.818,7.0,30.0,37.0,21.0,6.0,5.0,17.0,29.0,108,-15,2020-01-26,2020,BOS,1622.9069407145,1479.06148468206,1607.2025345605,1494.76589083606,1494.74949902739,1556.90205686464,108.0,123.0,61,0.0
104,22019,21900701,2020-01-28,1610612738,BOS,BOS @ MIA,1,39.0,83.0,0.47,13.0,36.0,0.361,18.0,24.0,0.75,11.0,37.0,48.0,24.0,5.0,8.0,14.0,22.0,109,8,2020-01-28,2020,BOS,1607.2025345605,1590.4046130056,1619.21505345243,1578.39209411367,1519.31276050792,1461.56966453733,109.0,101.0,46,1.0
300,22019,21900717,2020-01-30,1610612738,BOS,BOS @ GSW,1,42.0,88.0,0.477,15.0,35.0,0.429,20.0,22.0,0.909,14.0,37.0,51.0,27.0,12.0,4.0,23.0,24.0,119,15,2020-01-30,2020,BOS,1619.21505345243,1348.37526139887,1621.41143488221,1346.17887996909,1539.91772821496,1340.49956991171,119.0,104.0,25,1.0
301,22019,21900732,2020-02-01,1610612738,BOS,BOS @ PHI,1,38.0,80.0,0.475,8.0,30.0,0.267,32.0,41.0,0.78,9.0,33.0,42.0,15.0,9.0,2.0,11.0,20.0,116,21,2020-02-01,2020,BOS,1621.41143488221,1591.17340613222,1631.26157423476,1581.32326677967,1463.8388935997,1615.35424858167,116.0,95.0,66,1.0
105,22019,21900745,2020-02-03,1610612738,BOS,BOS @ ATL,1,48.0,90.0,0.533,12.0,29.0,0.414,15.0,17.0,0.882,11.0,33.0,44.0,21.0,10.0,5.0,15.0,22.0,123,8,2020-02-03,2020,BOS,1631.26157423476,1350.48574464164,1635.40261365545,1346.34470522095,1425.62344427551,1327.11910760624,123.0,115.0,9,1.0
302,22019,21900756,2020-02-05,1610612738,BOS,BOS @ ORL,1,46.0,86.0,0.535,13.0,23.0,0.565,11.0,16.0,0.688,6.0,35.0,41.0,23.0,10.0,6.0,13.0,19.0,116,16,2020-02-05,2020,BOS,1635.40261365545,1474.40701421427,1639.63755709387,1470.17207077585,1407.61530250937,1523.94122341962,116.0,100.0,35,1.0
303,22019,21900771,2020-02-07,1610612738,BOS,BOS @ ATL,1,37.0,86.0,0.43,16.0,37.0,0.432,22.0,27.0,0.815,11.0,36.0,47.0,23.0,5.0,8.0,13.0,18.0,112,5,2020-02-07,2020,BOS,1639.63755709387,1358.89017662861,1640.72173390187,1357.80599982061,1427.58163438737,1327.71111686587,112.0,107.0,9,1.0
106,22019,21900786,2020-02-09,1610612738,BOS,BOS @ OKC,1,38.0,84.0,0.452,16.0,36.0,0.444,20.0,27.0,0.741,14.0,39.0,53.0,19.0,6.0,2.0,9.0,24.0,112,1,2020-02-09,2020,BOS,1640.72173390187,1606.29765268062,1645.783118053,1601.23626852949,1540.37295456613,1550.70423832273,112.0,111.0,69,1.0
107,22019,21900806,2020-02-11,1610612738,BOS,BOS @ HOU,0,37.0,85.0,0.435,11.0,32.0,0.344,20.0,25.0,0.8,10.0,38.0,48.0,24.0,11.0,4.0,18.0,26.0,105,-11,2020-02-11,2020,BOS,1645.783118053,1584.93897092846,1636.30441920395,1594.41766977751,1651.30348547703,1705.87631599624,105.0,116.0,97,0.0
304,22019,21900818,2020-02-13,1610612738,BOS,BOS @ LAC,1,45.0,103.0,0.437,18.0,43.0,0.419,33.0,40.0,0.825,7.0,44.0,51.0,22.0,9.0,6.0,15.0,28.0,141,8,2020-02-13,2020,BOS,1636.30441920395,1577.34132256759,1640.91128281583,1572.73445895571,1649.59511749848,1652.80241511915,141.0,133.0,94,1.0
108,22019,21900830,2020-02-21,1610612738,BOS,BOS @ MIN,1,44.0,95.0,0.463,10.0,29.0,0.345,29.0,37.0,0.784,16.0,42.0,58.0,21.0,5.0,6.0,11.0,26.0,127,10,2020-02-21,2020,BOS,1640.91128281583,1375.60912501136,1646.01776498346,1370.50264284373,1568.23833616759,1265.21927624336,127.0,117.0,15,1.0
109,22019,21900842,2020-02-23,1610612738,BOS,BOS @ LAL,0,38.0,83.0,0.458,13.0,34.0,0.382,23.0,30.0,0.767,8.0,36.0,44.0,20.0,7.0,3.0,17.0,29.0,112,-2,2020-02-23,2020,BOS,1646.01776498346,1657.2136293991,1642.95413373617,1660.27726064639,1567.65904154763,1686.99006841226,112.0,114.0,90,0.0
110,22019,21900862,2020-02-25,1610612738,BOS,BOS @ POR,1,43.0,90.0,0.478,19.0,39.0,0.487,13.0,14.0,0.929,8.0,37.0,45.0,19.0,6.0,3.0,14.0,19.0,118,12,2020-02-25,2020,BOS,1642.95413373617,1501.80235070686,1652.89136626877,1491.86511817426,1576.58922554712,1327.35932278279,118.0,106.0,27,1.0
111,22019,21900872,2020-02-26,1610612738,BOS,BOS @ UTA,1,45.0,84.0,0.536,11.0,26.0,0.423,13.0,16.0,0.813,9.0,35.0,44.0,21.0,7.0,4.0,9.0,17.0,114,11,2020-02-26,2020,BOS,1652.89136626877,1563.5013670381,1664.33603477138,1552.05669853549,1571.37729380524,1585.59982884573,114.0,103.0,80,1.0
305,22019,21900892,2020-02-29,1610612738,BOS,BOS @ HOU,0,39.0,100.0,0.39,13.0,42.0,0.31,19.0,25.0,0.76,14.0,40.0,54.0,22.0,11.0,6.0,14.0,18.0,110,-1,2020-02-29,2020,BOS,1664.33603477138,1631.11944701963,1658.15762041939,1637.29786137162,1582.73578880329,1718.88464717849,110.0,111.0,94,0.0
306,22019,21900910,2020-03-03,1610612738,BOS,BOS @ BKN,0,44.0,103.0,0.427,15.0,49.0,0.306,17.0,23.0,0.739,13.0,29.0,42.0,24.0,10.0,6.0,15.0,30.0,120,-9,2020-03-03,2020,BOS,1658.15762041939,1459.56486952902,1636.46847509588,1481.25401485253,1546.28737012456,1405.35519159723,120.0,129.0,39,0.0
112,22019,21900917,2020-03-04,1610612738,BOS,BOS @ CLE,1,40.0,86.0,0.465,11.0,30.0,0.367,21.0,26.0,0.808,13.0,36.0,49.0,16.0,10.0,7.0,11.0,20.0,112,6,2020-03-04,2020,BOS,1636.46847509588,1307.64020444136,1639.23037857899,1304.87830095825,1458.92697582732,1272.79540963744,112.0,106.0,7,1.0
307,22019,21900933,2020-03-06,1610612738,BOS,BOS @ UTA,0,35.0,94.0,0.372,10.0,36.0,0.278,14.0,18.0,0.778,13.0,32.0,45.0,19.0,6.0,6.0,13.0,13.0,94,-5,2020-03-06,2020,BOS,1639.23037857899,1567.61398636274,1627.34233216875,1579.50203277298,1596.58983520754,1581.76469931286,94.0,99.0,83,0.0
308,22019,21900949,2020-03-08,1610612738,BOS,BOS @ OKC,0,38.0,92.0,0.413,13.0,37.0,0.351,15.0,19.0,0.789,11.0,35.0,46.0,22.0,9.0,5.0,13.0,25.0,104,-1,2020-03-08,2020,BOS,1627.34233216875,1602.38025416669,1621.30246979222,1608.42011654322,1629.35357384704,1585.55703898736,104.0,105.0,87,0.0
113,22019,21900960,2020-03-10,1610612738,BOS,BOS @ IND,1,41.0,93.0,0.441,13.0,37.0,0.351,19.0,22.0,0.864,11.0,35.0,46.0,19.0,9.0,4.0,10.0,15.0,114,3,2020-03-10,2020,BOS,1621.30246979222,1566.10213072583,1627.84445627911,1559.56014423894,1637.31739952835,1504.6,114.0,111.0,76,1.0
114,22019,21901236,2020-07-31,1610612738,BOS,BOS @ MIL,0,37.0,91.0,0.407,11.0,37.0,0.297,27.0,34.0,0.794,14.0,34.0,48.0,18.0,8.0,5.0,16.0,28.0,112,-7,2020-07-31,2020,BOS,1627.84445627911,1715.56606626335,1621.92702838149,1721.48349416097,1683.52161214235,1669.63864937399,112.0,119.0,97,0.0
309,22019,21901245,2020-08-02,1610612738,BOS,BOS @ POR,1,42.0,77.0,0.545,18.0,30.0,0.6,26.0,34.0,0.765,6.0,30.0,36.0,24.0,9.0,6.0,14.0,21.0,128,4,2020-08-02,2020,BOS,1621.92702838149,1499.07806361253,1625.73016625312,1495.2749257409,1691.15373205957,1571.10195739334,128.0,124.0,91,1.0
115,22019,21901260,2020-08-04,1610612738,BOS,BOS @ MIA,0,37.0,85.0,0.435,10.0,33.0,0.303,22.0,27.0,0.815,14.0,31.0,45.0,15.0,7.0,4.0,16.0,26.0,106,-6,2020-08-04,2020,BOS,1625.73016625312,1567.04058337396,1616.2587961226,1576.51195350448,1684.76097084602,1540.17647638428,106.0,112.0,87,0.0
310,22019,21901267,2020-08-05,1610612738,BOS,BOS @ BKN,1,50.0,88.0,0.568,20.0,39.0,0.513,29.0,35.0,0.829,6.0,37.0,43.0,29.0,10.0,10.0,14.0,23.0,149,34,2020-08-05,2020,BOS,1616.2587961226,1485.8837007043,1630.17622128366,1471.96627554324,1584.82989747637,1290.69677681332,149.0,115.0,22,1.0
116,22019,21901279,2020-08-07,1610612738,BOS,BOS @ TOR,1,47.0,96.0,0.49,16.0,46.0,0.348,12.0,16.0,0.75,9.0,43.0,52.0,27.0,8.0,2.0,15.0,22.0,122,22,2020-08-07,2020,BOS,1630.17622128366,1701.43994403239,1652.5012173285,1679.11494798755,1686.4204581094,1659.10575481189,122.0,100.0,96,1.0
311,22019,21901288,2020-08-09,1610612738,BOS,BOS @ ORL,1,45.0,102.0,0.441,12.0,40.0,0.3,20.0,24.0,0.833,13.0,41.0,54.0,32.0,9.0,7.0,13.0,19.0,122,3,2020-08-09,2020,BOS,1652.5012173285,1505.30880192257,1655.50218836305,1502.30783088802,1702.71272684606,1399.88126304893,122.0,119.0,66,1.0
117,22019,21901301,2020-08-11,1610612738,BOS,BOS @ MEM,1,44.0,86.0,0.512,16.0,37.0,0.432,18.0,23.0,0.783,10.0,36.0,46.0,29.0,7.0,7.0,15.0,27.0,122,15,2020-08-11,2020,BOS,1655.50218836305,1544.27228179281,1664.03735300794,1535.73711714792,1699.45147655999,1387.23774396663,122.0,107.0,62,1.0
312,22019,21901308,2020-08-13,1610612738,BOS,BOS @ WAS,0,35.0,88.0,0.398,8.0,35.0,0.229,12.0,14.0,0.857,13.0,38.0,51.0,22.0,8.0,7.0,19.0,19.0,90,-6,2020-08-13,2020,BOS,1664.03735300794,1357.15346890941,1646.53160222796,1374.65921968939,1704.80647993068,1257.90131143646,90.0,96.0,29,0.0
313,22020,22000003,2020-12-23,1610612738,BOS,BOS @ MIL,1,48.0,101.0,0.475,18.0,40.0,0.45,8.0,11.0,0.727,10.0,27.0,37.0,23.0,8.0,6.0,7.0,17.0,122,1,2020-12-23,2021,BOS,1645.59680651911,1604.75753651125,1647.83256466936,1602.521778361,1600.52877737778,1646.59517754129,122.0,121.0,90,1.0
314,22020,22000007,2020-12-25,1610612738,BOS,BOS @ BKN,0,37.0,98.0,0.378,8.0,27.0,0.296,13.0,19.0,0.684,20.0,27.0,47.0,23.0,6.0,5.0,15.0,27.0,95,-28,2020-12-25,2021,BOS,1647.83256466936,1497.60619003589,1605.78344366783,1539.65531103742,1611.396849958,1582.36731838247,95.0,123.0,85,0.0
118,22020,22000037,2020-12-27,1610612738,BOS,BOS @ IND,0,40.0,79.0,0.506,9.0,23.0,0.391,18.0,24.0,0.75,6.0,34.0,40.0,21.0,13.0,7.0,18.0,17.0,107,-1,2020-12-27,2021,BOS,1605.78344366783,1543.59397531423,1602.28548316678,1547.09193581528,1596.7884192213,1551.88826737074,107.0,108.0,78,0.0
119,22020,22000048,2020-12-29,1610612738,BOS,BOS @ IND,1,40.0,80.0,0.5,9.0,22.0,0.409,27.0,37.0,0.73,12.0,31.0,43.0,21.0,10.0,3.0,14.0,16.0,116,5,2020-12-29,2021,BOS,1602.28548316678,1547.09193581528,1610.52061356423,1538.85680541783,1601.26568756088,1524.31607946137,116.0,111.0,74,1.0
315,22020,22000056,2020-12-30,1610612738,BOS,BOS @ MEM,1,49.0,91.0,0.538,16.0,39.0,0.41,12.0,14.0,0.857,10.0,32.0,42.0,27.0,17.0,11.0,16.0,21.0,126,19,2020-12-30,2021,BOS,1610.52061356423,1512.58763145502,1617.1375625127,1505.97068250655,1578.65220226003,1482.28545881579,126.0,107.0,63,1.0
120,22020,22000070,2021-01-01,1610612738,BOS,BOS @ DET,0,39.0,83.0,0.47,8.0,31.0,0.258,7.0,14.0,0.5,7.0,37.0,44.0,20.0,12.0,11.0,21.0,20.0,93,-3,2021-01-01,2021,BOS,1617.1375625127,1344.03546181869,1607.65855441703,1353.51446991436,1611.01499934516,1341.20954329726,93.0,96.0,36,0.0
121,22020,22000085,2021-01-03,1610612738,BOS,BOS @ DET,1,49.0,87.0,0.563,15.0,33.0,0.455,9.0,13.0,0.692,12.0,29.0,41.0,35.0,4.0,5.0,18.0,22.0,122,2,2021-01-03,2021,BOS,1607.65855441703,1353.51446991436,1610.16768499854,1351.00533933285,1604.84941767881,1342.98170884242,122.0,120.0,35,1.0
122,22020,22000097,2021-01-04,1610612738,BOS,BOS @ TOR,1,41.0,84.0,0.488,15.0,29.0,0.517,29.0,34.0,0.853,12.0,44.0,56.0,19.0,3.0,9.0,20.0,29.0,126,12,2021-01-04,2021,BOS,1610.16768499854,1605.75951383635,1626.14918406218,1589.77801477271,1596.21531814755,1607.14663428032,126.0,114.0,86,1.0
123,22020,22000111,2021-01-06,1610612738,BOS,BOS @ MIA,1,42.0,99.0,0.424,12.0,35.0,0.343,11.0,12.0,0.917,16.0,37.0,53.0,22.0,7.0,5.0,7.0,23.0,107,2,2021-01-06,2021,BOS,1626.14918406218,1569.14853089736,1631.76934604422,1563.52836891532,1600.67944768687,1571.76196852665,107.0,105.0,82,1.0
316,22020,22000124,2021-01-08,1610612738,BOS,BOS @ WAS,1,41.0,86.0,0.477,12.0,32.0,0.375,22.0,30.0,0.733,11.0,38.0,49.0,21.0,11.0,4.0,21.0,22.0,116,9,2021-01-08,2021,BOS,1631.76934604422,1395.68338407114,1633.70611032053,1393.74661979483,1569.54648252183,1436.10960349915,116.0,107.0,50,1.0
317,22020,22000180,2021-01-15,1610612738,BOS,BOS @ ORL,1,45.0,88.0,0.511,17.0,42.0,0.405,17.0,19.0,0.895,6.0,39.0,45.0,25.0,7.0,4.0,11.0,18.0,124,27,2021-01-15,2021,BOS,1633.70611032053,1467.33443652571,1639.63502667505,1461.40552017119,1423.43024386226,1420.88051970184,124.0,97.0,21,1.0
318,22020,22000196,2021-01-17,1610612738,BOS,BOS @ NYK,0,25.0,84.0,0.298,7.0,46.0,0.152,18.0,29.0,0.621,14.0,29.0,43.0,15.0,10.0,2.0,18.0,22.0,75,-30,2021-01-17,2021,BOS,1639.63502667505,1386.66366573418,1585.76016230562,1440.53853010361,1565.54906142602,1374.37520261173,75.0,105.0,35,0.0
124,22020,22000218,2021-01-20,1610612738,BOS,BOS @ PHI,0,42.0,89.0,0.472,12.0,33.0,0.364,13.0,20.0,0.65,10.0,35.0,45.0,22.0,3.0,0.0,16.0,29.0,109,-8,2021-01-20,2021,BOS,1585.76016230562,1540.25369192571,1578.413604201,1547.60025003033,1575.52752130499,1560.24736445505,109.0,117.0,76,0.0
125,22020,22000233,2021-01-22,1610612738,BOS,BOS @ PHI,0,41.0,90.0,0.456,12.0,30.0,0.4,16.0,20.0,0.8,10.0,22.0,32.0,23.0,10.0,5.0,13.0,21.0,110,-12,2021-01-22,2021,BOS,1578.413604201,1547.60025003033,1569.55474936524,1556.45910486609,1570.74939349121,1613.17719321236,110.0,122.0,83,0.0
319,22020,22000250,2021-01-24,1610612738,BOS,BOS @ CLE,1,52.0,93.0,0.559,14.0,28.0,0.5,23.0,27.0,0.852,13.0,42.0,55.0,26.0,14.0,8.0,16.0,23.0,141,38,2021-01-24,2021,BOS,1569.55474936524,1402.06535340133,1577.12108816882,1394.49901459775,1563.09190818274,1400.49587979583,141.0,103.0,41,1.0
126,22020,22000262,2021-01-25,1610612738,BOS,BOS @ CHI,1,44.0,87.0,0.506,15.0,29.0,0.517,16.0,20.0,0.8,6.0,38.0,44.0,28.0,9.0,6.0,13.0,18.0,119,16,2021-01-25,2021,BOS,1577.12108816882,1431.29830749049,1588.90423408679,1419.51516157252,1579.38318641829,1418.43535266377,119.0,103.0,48,1.0
127,22020,22000280,2021-01-27,1610612738,BOS,BOS @ SAS,0,42.0,98.0,0.429,10.0,30.0,0.333,12.0,14.0,0.857,13.0,26.0,39.0,15.0,10.0,4.0,12.0,14.0,106,-4,2021-01-27,2021,BOS,1588.90423408679,1537.0029462263,1583.65195758994,1542.25522272315,1645.25091714201,1495.66104667904,106.0,110.0,76,0.0
320,22020,22000302,2021-01-30,1610612738,BOS,BOS @ LAL,0,40.0,82.0,0.488,6.0,21.0,0.286,9.0,14.0,0.643,9.0,33.0,42.0,24.0,10.0,6.0,15.0,16.0,95,-1,2021-01-30,2021,BOS,1583.65195758994,1669.43970380435,1579.39641519679,1673.6952461975,1640.12243975944,1635.73667274609,95.0,96.0,93,0.0
128,22020,22000326,2021-02-02,1610612738,BOS,BOS @ GSW,1,39.0,84.0,0.464,13.0,34.0,0.382,20.0,27.0,0.741,12.0,39.0,51.0,16.0,3.0,4.0,16.0,20.0,111,4,2021-02-02,2021,BOS,1579.39641519679,1443.27923165659,1584.90649394665,1437.76915290673,1604.45540230273,1469.33548869644,111.0,107.0,64,1.0
129,22020,22000336,2021-02-03,1610612738,BOS,BOS @ SAC,0,39.0,86.0,0.453,11.0,33.0,0.333,22.0,29.0,0.759,11.0,34.0,45.0,28.0,9.0,3.0,13.0,21.0,111,-5,2021-02-03,2021,BOS,1584.90649394665,1454.79299271822,1577.0719458608,1462.62754080407,1547.93265011091,1457.5595921206,111.0,116.0,51,0.0
130,22020,22000350,2021-02-05,1610612738,BOS,BOS @ LAC,1,43.0,90.0,0.478,16.0,38.0,0.421,17.0,21.0,0.81,9.0,25.0,34.0,21.0,8.0,1.0,7.0,16.0,119,4,2021-02-05,2021,BOS,1577.0719458608,1641.4441377544,1587.5630274862,1630.953056129,1573.11360570634,1625.68458147371,119.0,115.0,85,1.0
131,22020,22000365,2021-02-07,1610612738,BOS,BOS @ PHX,0,33.0,93.0,0.355,17.0,44.0,0.386,8.0,12.0,0.667,13.0,28.0,41.0,19.0,6.0,2.0,6.0,11.0,91,-9,2021-02-07,2021,BOS,1587.5630274862,1552.43164723156,1580.01732724132,1559.97734747644,1575.45763679575,1568.58783498579,91.0,100.0,78,0.0
132,22020,22000379,2021-02-09,1610612738,BOS,BOS @ UTA,0,38.0,86.0,0.442,13.0,29.0,0.448,19.0,23.0,0.826,11.0,24.0,35.0,18.0,2.0,2.0,9.0,25.0,108,-14,2021-02-09,2021,BOS,1580.01732724132,1651.43332738604,1573.87442320856,1657.5762314188,1601.2809777898,1634.81759143765,108.0,122.0,89,0.0
321,22020,22000398,2021-02-11,1610612738,BOS,BOS @ TOR,1,39.0,86.0,0.453,20.0,39.0,0.513,22.0,28.0,0.786,14.0,35.0,49.0,30.0,8.0,6.0,19.0,22.0,120,14,2021-02-11,2021,BOS,1573.87442320856,1609.19596598519,1583.85275672631,1599.21763246744,1585.69275728566,1603.22155134601,120.0,106.0,84,1.0
322,22020,22000412,2021-02-12,1610612738,BOS,BOS @ DET,0,36.0,82.0,0.439,8.0,27.0,0.296,22.0,30.0,0.733,7.0,37.0,44.0,15.0,9.0,2.0,10.0,25.0,102,-6,2021-02-12,2021,BOS,1583.85275672631,1382.51049670713,1566.53122388731,1399.83202954613,1553.97898079092,1411.24321856711,102.0,108.0,42,0.0
133,22020,22000560,2021-02-14,1610612738,BOS,BOS @ WAS,0,32.0,90.0,0.356,9.0,35.0,0.257,18.0,30.0,0.6,14.0,36.0,50.0,14.0,5.0,2.0,17.0,27.0,91,-13,2021-02-14,2021,BOS,1566.53122388731,1350.03634840092,1548.65107547578,1367.91649681245,1590.42376389042,1379.63134922627,91.0,104.0,41,0.0
323,22020,22000427,2021-02-16,1610612738,BOS,BOS @ DEN,1,39.0,81.0,0.481,15.0,42.0,0.357,19.0,21.0,0.905,10.0,33.0,43.0,26.0,7.0,1.0,22.0,22.0,112,13,2021-02-16,2021,BOS,1548.65107547578,1603.28903814382,1558.93976072557,1593.00035289403,1556.06930386895,1581.68509692071,112.0,99.0,77,1.0
324,22020,22000438,2021-02-17,1610612738,BOS,BOS @ ATL,0,40.0,86.0,0.465,10.0,31.0,0.323,24.0,27.0,0.889,11.0,26.0,37.0,22.0,9.0,3.0,16.0,27.0,114,-8,2021-02-17,2021,BOS,1558.93976072557,1418.2543043255,1540.95158767148,1436.24247737959,1522.4486293336,1478.58590931572,114.0,122.0,51,0.0
325,22020,22000451,2021-02-19,1610612738,BOS,BOS @ ATL,1,50.0,90.0,0.556,14.0,35.0,0.4,7.0,10.0,0.7,9.0,35.0,44.0,26.0,8.0,12.0,18.0,21.0,121,12,2021-02-19,2021,BOS,1540.95158767148,1436.24247737959,1545.65779684956,1431.53626820151,1545.74468980646,1486.44373507397,121.0,109.0,57,1.0
134,22020,22000465,2021-02-21,1610612738,BOS,BOS @ NOP,0,39.0,98.0,0.398,10.0,37.0,0.27,27.0,34.0,0.794,11.0,38.0,49.0,22.0,9.0,11.0,11.0,30.0,115,-5,2021-02-21,2021,BOS,1545.65779684956,1503.81391937766,1540.04847828967,1509.42323793755,1572.7866960273,1514.75563792798,115.0,120.0,68,0.0
135,22020,22000485,2021-02-23,1610612738,BOS,BOS @ DAL,0,41.0,86.0,0.477,12.0,39.0,0.308,13.0,18.0,0.722,12.0,34.0,46.0,19.0,6.0,6.0,13.0,21.0,107,-3,2021-02-23,2021,BOS,1540.04847828967,1488.61852655767,1535.41441589365,1493.25258895369,1577.48865550743,1552.29172224338,107.0,110.0,76,0.0
136,22020,22000490,2021-02-24,1610612738,BOS,BOS @ ATL,0,42.0,95.0,0.442,8.0,31.0,0.258,20.0,23.0,0.87,12.0,24.0,36.0,20.0,10.0,6.0,6.0,16.0,112,-15,2021-02-24,2021,BOS,1535.41441589365,1438.34641411878,1522.09580929572,1451.66502071671,1533.09380895812,1477.79306519874,112.0,127.0,53,0.0
326,22020,22000505,2021-02-26,1610612738,BOS,BOS @ IND,1,42.0,82.0,0.512,9.0,22.0,0.409,25.0,29.0,0.862,7.0,38.0,45.0,24.0,3.0,6.0,12.0,20.0,118,6,2021-02-26,2021,BOS,1522.09580929572,1516.86771840993,1527.13166712152,1511.83186058413,1559.70466291321,1500.02155035501,118.0,112.0,63,1.0
327,22020,22000524,2021-02-28,1610612738,BOS,BOS @ WAS,1,42.0,89.0,0.472,10.0,30.0,0.333,17.0,24.0,0.708,13.0,36.0,49.0,25.0,7.0,0.0,19.0,25.0,111,1,2021-02-28,2021,BOS,1527.13166712152,1430.89419166366,1528.83807886894,1429.18777991624,1548.96298917023,1419.04963089477,111.0,110.0,43,1.0
328,22020,22000537,2021-03-02,1610612738,BOS,BOS @ LAC,1,42.0,86.0,0.488,16.0,32.0,0.5,17.0,23.0,0.739,14.0,29.0,43.0,25.0,6.0,4.0,9.0,12.0,117,5,2021-03-02,2021,BOS,1528.83807886894,1608.82424803361,1535.36599919001,1602.29632771254,1548.11371057205,1674.23005191379,117.0,112.0,87,1.0
329,22020,22000552,2021-03-04,1610612738,BOS,BOS @ TOR,1,45.0,74.0,0.608,13.0,29.0,0.448,29.0,40.0,0.725,9.0,30.0,39.0,25.0,6.0,7.0,16.0,20.0,132,7,2021-03-04,2021,BOS,1535.36599919001,1563.65940409029,1541.70317503129,1557.32222824901,1564.18125377587,1363.82440066241,132.0,125.0,33,1.0
137,22020,22000569,2021-03-11,1610612738,BOS,BOS @ BKN,0,41.0,91.0,0.451,13.0,40.0,0.325,14.0,22.0,0.636,11.0,28.0,39.0,22.0,10.0,10.0,11.0,13.0,109,-12,2021-03-11,2021,BOS,1541.70317503129,1594.65549313754,1535.62606148865,1600.73260668018,1608.2000014739,1598.73017572642,109.0,121.0,86,0.0
138,22020,22000598,2021-03-14,1610612738,BOS,BOS @ HOU,1,51.0,92.0,0.554,18.0,37.0,0.486,14.0,21.0,0.667,10.0,45.0,55.0,29.0,8.0,3.0,14.0,22.0,134,27,2021-03-14,2021,BOS,1535.62606148865,1364.07379214523,1550.89734704314,1348.80250659074,1602.83865115603,1104.64947801069,134.0,107.0,2,1.0
330,22020,22000609,2021-03-16,1610612738,BOS,BOS @ UTA,0,48.0,98.0,0.49,10.0,29.0,0.345,3.0,4.0,0.75,16.0,29.0,45.0,28.0,8.0,5.0,14.0,18.0,109,-8,2021-03-16,2021,BOS,1550.89734704314,1662.63543055416,1542.20627655232,1671.32650104498,1611.18810933329,1679.10281280219,109.0,117.0,93,0.0
139,22020,22000620,2021-03-17,1610612738,BOS,BOS @ CLE,0,40.0,88.0,0.455,10.0,38.0,0.263,20.0,29.0,0.69,15.0,25.0,40.0,19.0,10.0,9.0,12.0,27.0,110,-7,2021-03-17,2021,BOS,1542.20627655232,1343.87677632954,1530.55786318722,1355.52518969464,1570.57291019121,1317.84745108453,110.0,117.0,25,0.0
331,22020,22000631,2021-03-19,1610612738,BOS,BOS @ SAC,0,39.0,91.0,0.429,12.0,31.0,0.387,6.0,7.0,0.857,12.0,33.0,45.0,22.0,8.0,4.0,16.0,20.0,96,-11,2021-03-19,2021,BOS,1530.55786318722,1412.44984021456,1509.79585799886,1433.21184540292,1603.82548324132,1465.62330530845,96.0,107.0,63,0.0
332,22020,22000167,2021-03-21,1610612738,BOS,BOS @ ORL,1,40.0,88.0,0.455,23.0,55.0,0.418,9.0,9.0,1.0,7.0,38.0,45.0,27.0,6.0,3.0,10.0,21.0,112,16,2021-03-21,2021,BOS,1509.79585799886,1372.43590673467,1514.59772092562,1367.63404380791,1587.81110420456,1426.17721438055,112.0,96.0,52,1.0
140,22020,22000658,2021-03-22,1610612738,BOS,BOS @ MEM,0,47.0,90.0,0.522,17.0,35.0,0.486,15.0,24.0,0.625,5.0,38.0,43.0,31.0,3.0,6.0,13.0,18.0,126,-6,2021-03-22,2021,BOS,1514.59772092562,1515.02387776397,1509.45321383739,1520.1683848522,1550.03805890719,1505.19909826338,126.0,132.0,62,0.0
141,22020,22000669,2021-03-24,1610612738,BOS,BOS @ MIL,0,45.0,94.0,0.479,19.0,47.0,0.404,10.0,10.0,1.0,9.0,29.0,38.0,24.0,9.0,6.0,13.0,15.0,119,-2,2021-03-24,2021,BOS,1509.45321383739,1631.28442020698,1507.66348216318,1633.07415188119,1587.02969001114,1643.21927607089,119.0,121.0,89,0.0
142,22020,22000685,2021-03-26,1610612738,BOS,BOS @ MIL,1,43.0,88.0,0.489,22.0,47.0,0.468,14.0,16.0,0.875,8.0,36.0,44.0,27.0,10.0,8.0,15.0,16.0,122,8,2021-03-26,2021,BOS,1507.66348216318,1633.07415188119,1525.06343278234,1615.67420126203,1589.18860542288,1675.16310635782,122.0,114.0,91,1.0
143,22020,22000699,2021-03-27,1610612738,BOS,BOS @ OKC,1,44.0,96.0,0.458,12.0,38.0,0.316,11.0,14.0,0.786,10.0,42.0,52.0,22.0,10.0,4.0,12.0,19.0,111,17,2021-03-27,2021,BOS,1525.06343278234,1422.55332573044,1539.57594302231,1408.04081549047,1556.18321698383,1286.52992614343,111.0,94.0,17,1.0
333,22020,22000708,2021-03-29,1610612738,BOS,BOS @ NOP,0,40.0,93.0,0.43,14.0,43.0,0.326,15.0,19.0,0.789,12.0,34.0,46.0,21.0,5.0,9.0,14.0,25.0,109,-6,2021-03-29,2021,BOS,1539.57594302231,1500.51999820037,1527.56777066888,1512.5281705538,1600.24294833558,1525.09324969961,109.0,115.0,74,0.0
334,22020,22000723,2021-03-31,1610612738,BOS,BOS @ DAL,0,39.0,94.0,0.415,11.0,47.0,0.234,19.0,23.0,0.826,8.0,28.0,36.0,20.0,11.0,2.0,9.0,19.0,108,-5,2021-03-31,2021,BOS,1527.56777066888,1569.88795403449,1518.97624972746,1578.47947497591,1602.77861001677,1598.48620564763,108.0,113.0,86,0.0
335,22020,22000738,2021-04-02,1610612738,BOS,BOS @ HOU,1,46.0,88.0,0.523,17.0,41.0,0.415,9.0,12.0,0.75,11.0,39.0,50.0,35.0,9.0,7.0,15.0,22.0,118,16,2021-04-02,2021,BOS,1518.97624972746,1327.36598974558,1522.56189380421,1323.78034566883,1603.12282898043,1378.80411938342,118.0,102.0,44,1.0
336,22020,22000757,2021-04-04,1610612738,BOS,BOS @ CHA,1,43.0,94.0,0.457,21.0,54.0,0.389,9.0,11.0,0.818,14.0,30.0,44.0,29.0,11.0,5.0,6.0,20.0,116,30,2021-04-04,2021,BOS,1522.56189380421,1523.84442526605,1537.2188072911,1509.18751177916,1602.23608737172,1450.84703957061,116.0,86.0,60,1.0
337,22020,22000771,2021-04-06,1610612738,BOS,BOS @ PHI,0,33.0,70.0,0.471,14.0,34.0,0.412,16.0,18.0,0.889,3.0,29.0,32.0,19.0,5.0,6.0,22.0,22.0,96,-10,2021-04-06,2021,BOS,1537.2188072911,1614.40193998923,1525.95515360539,1625.66559367494,1608.09644111309,1596.33898943772,96.0,106.0,86,0.0
338,22020,22000778,2021-04-07,1610612738,BOS,BOS @ NYK,1,36.0,86.0,0.419,15.0,40.0,0.375,14.0,20.0,0.7,16.0,37.0,53.0,22.0,6.0,7.0,20.0,14.0,101,2,2021-04-07,2021,BOS,1525.95515360539,1508.31804446453,1528.93075736457,1505.34244070535,1553.73026311007,1438.47786313241,101.0,99.0,48,1.0
339,22020,22000792,2021-04-09,1610612738,BOS,BOS @ MIN,1,47.0,87.0,0.54,19.0,42.0,0.452,32.0,34.0,0.941,9.0,36.0,45.0,32.0,9.0,5.0,21.0,25.0,145,9,2021-04-09,2021,BOS,1528.93075736457,1321.93333438,1531.21087297086,1319.65321877371,1599.24308541549,1411.25396562449,145.0,136.0,50,1.0
144,22020,22000806,2021-04-11,1610612738,BOS,BOS @ DEN,1,39.0,87.0,0.448,7.0,33.0,0.212,20.0,23.0,0.87,10.0,42.0,52.0,20.0,4.0,7.0,11.0,18.0,105,18,2021-04-11,2021,BOS,1531.21087297086,1651.05993839334,1560.0403713275,1622.2304400367,1550.37527140611,1672.58796686954,105.0,87.0,87,1.0
145,22020,22000828,2021-04-13,1610612738,BOS,BOS @ POR,1,42.0,90.0,0.467,15.0,35.0,0.429,17.0,24.0,0.708,9.0,37.0,46.0,30.0,5.0,4.0,10.0,19.0,116,1,2021-04-13,2021,BOS,1560.0403713275,1505.78250898978,1564.78499578366,1501.03788453362,1608.47174727749,1573.66222636468,116.0,115.0,83,1.0
146,22020,22000842,2021-04-15,1610612738,BOS,BOS @ LAL,1,48.0,85.0,0.565,14.0,32.0,0.438,11.0,13.0,0.846,7.0,41.0,48.0,33.0,4.0,6.0,21.0,20.0,121,8,2021-04-15,2021,BOS,1564.78499578366,1612.36823464225,1579.20745390618,1597.94577651973,1597.77014119229,1525.20372688464,121.0,113.0,74,1.0
340,22020,22000858,2021-04-17,1610612738,BOS,BOS @ GSW,1,44.0,94.0,0.468,15.0,46.0,0.326,16.0,20.0,0.8,14.0,31.0,45.0,18.0,9.0,2.0,9.0,18.0,119,5,2021-04-17,2021,BOS,1579.20745390618,1494.70920387003,1582.35841257121,1491.558245205,1586.32632282604,1534.36898361908,119.0,114.0,74,1.0
341,22020,22000869,2021-04-19,1610612738,BOS,BOS @ CHI,0,36.0,77.0,0.468,10.0,25.0,0.4,14.0,15.0,0.933,3.0,36.0,39.0,21.0,8.0,3.0,16.0,15.0,96,-6,2021-04-19,2021,BOS,1582.35841257121,1434.88911776603,1566.81532643911,1450.43220389813,1535.55655746723,1432.97847412828,96.0,102.0,43,0.0
342,22020,22000892,2021-04-22,1610612738,BOS,BOS @ PHX,1,33.0,77.0,0.429,12.0,40.0,0.3,21.0,24.0,0.875,10.0,38.0,48.0,20.0,7.0,2.0,23.0,12.0,99,13,2021-04-22,2021,BOS,1566.81532643911,1633.43975872554,1577.60655132755,1622.6485338371,1573.19478704706,1629.51974015176,99.0,86.0,86,1.0
147,22020,22000899,2021-04-23,1610612738,BOS,BOS @ BKN,0,38.0,94.0,0.404,17.0,42.0,0.405,11.0,16.0,0.688,15.0,39.0,54.0,21.0,6.0,6.0,19.0,20.0,104,-5,2021-04-23,2021,BOS,1577.60655132755,1583.99028665539,1573.0471281149,1588.54970986804,1527.36065567159,1493.99248606921,104.0,109.0,55,0.0
148,22020,22000911,2021-04-25,1610612738,BOS,BOS @ CHA,0,34.0,88.0,0.386,14.0,41.0,0.341,22.0,26.0,0.846,11.0,30.0,41.0,18.0,6.0,2.0,13.0,13.0,104,-21,2021-04-25,2021,BOS,1573.0471281149,1478.69115300879,1556.44977338168,1495.28850774201,1586.07720690258,1438.60238488489,104.0,125.0,54,0.0
343,22020,22000927,2021-04-27,1610612738,BOS,BOS @ OKC,0,41.0,97.0,0.423,11.0,49.0,0.224,22.0,25.0,0.88,8.0,31.0,39.0,21.0,16.0,7.0,14.0,26.0,115,-4,2021-04-27,2021,BOS,1556.44977338168,1267.92322665187,1539.86783555368,1284.50516447987,1484.52225243148,1243.37018757609,115.0,119.0,6,0.0
344,22020,22000936,2021-04-28,1610612738,BOS,BOS @ CHA,1,44.0,92.0,0.478,15.0,40.0,0.375,17.0,22.0,0.773,19.0,35.0,54.0,26.0,9.0,8.0,14.0,24.0,120,9,2021-04-28,2021,BOS,1539.86783555368,1485.95480745762,1544.92809533537,1480.89454767593,1548.33104433019,1445.27832201307,120.0,111.0,48,1.0
345,22020,22000950,2021-04-30,1610612738,BOS,BOS @ SAS,1,49.0,105.0,0.467,18.0,38.0,0.474,27.0,36.0,0.75,17.0,35.0,52.0,31.0,7.0,7.0,13.0,26.0,143,3,2021-04-30,2021,BOS,1544.92809533537,1497.12616608541,1547.92039562094,1494.13386579984,1561.06228136085,1477.35814702926,143.0,140.0,58,1.0
346,22020,22000968,2021-05-02,1610612738,BOS,BOS @ POR,0,43.0,89.0,0.483,20.0,39.0,0.513,13.0,15.0,0.867,10.0,35.0,45.0,29.0,3.0,6.0,18.0,21.0,119,-10,2021-05-02,2021,BOS,1547.92039562094,1561.87592661183,1534.07076470621,1575.72555752656,1552.40655629485,1600.94485605332,119.0,129.0,79,0.0
149,22020,22000990,2021-05-05,1610612738,BOS,BOS @ ORL,1,51.0,96.0,0.531,21.0,45.0,0.467,9.0,12.0,0.75,9.0,36.0,45.0,28.0,8.0,9.0,11.0,23.0,132,36,2021-05-05,2021,BOS,1534.07076470621,1324.25114251096,1550.01490946522,1308.30699775195,1551.26782985452,1091.59197791033,132.0,96.0,1,1.0
150,22020,22000160,2021-05-07,1610612738,BOS,BOS @ CHI,0,35.0,86.0,0.407,11.0,39.0,0.282,18.0,23.0,0.783,11.0,36.0,47.0,19.0,5.0,8.0,14.0,15.0,99,-22,2021-05-07,2021,BOS,1550.01490946522,1461.24492856081,1533.22137505233,1478.0384629737,1568.29155720991,1457.36373189553,99.0,121.0,55,0.0
347,22020,22000145,2021-05-09,1610612738,BOS,BOS @ MIA,0,45.0,83.0,0.542,14.0,38.0,0.368,20.0,25.0,0.8,6.0,28.0,34.0,29.0,7.0,3.0,14.0,22.0,124,-6,2021-05-09,2021,BOS,1533.22137505233,1530.26621796339,1522.36809165725,1541.11950135847,1575.35041762252,1552.0659929152,124.0,130.0,75,0.0
348,22020,22001032,2021-05-11,1610612738,BOS,BOS @ MIA,0,46.0,88.0,0.523,18.0,37.0,0.486,11.0,17.0,0.647,3.0,29.0,32.0,31.0,8.0,5.0,11.0,21.0,121,-8,2021-05-11,2021,BOS,1522.36809165725,1541.11950135847,1510.42730146579,1553.06029154993,1554.52208529404,1560.18425821753,121.0,129.0,73,0.0
151,22020,22001044,2021-05-12,1610612738,BOS,BOS @ CLE,0,36.0,101.0,0.356,12.0,41.0,0.293,10.0,14.0,0.714,13.0,33.0,46.0,14.0,9.0,8.0,7.0,23.0,94,-8,2021-05-12,2021,BOS,1510.42730146579,1293.67039301003,1497.16828732048,1306.92940715534,1450.7024790389,1241.08645213345,94.0,102.0,3,0.0
152,22020,22001063,2021-05-15,1610612738,BOS,BOS @ MIN,1,46.0,95.0,0.484,18.0,42.0,0.429,14.0,18.0,0.778,9.0,35.0,44.0,27.0,8.0,6.0,15.0,24.0,124,16,2021-05-15,2021,BOS,1497.16828732048,1414.49725906029,1512.13497459149,1399.53057178928,1381.64108525334,1448.82759938836,124.0,108.0,19,1.0
153,22020,22001073,2021-05-16,1610612738,BOS,BOS @ NYK,0,35.0,86.0,0.407,11.0,41.0,0.268,11.0,15.0,0.733,9.0,37.0,46.0,19.0,4.0,6.0,12.0,19.0,92,-4,2021-05-16,2021,BOS,1512.13497459149,1596.60504810216,1509.3028652162,1599.43715747745,1418.15052158654,1529.9357913241,92.0,96.0,39,0.0
154,22021,22100005,2021-10-20,1610612738,BOS,BOS @ NYK,0,48.0,117.0,0.41,21.0,57.0,0.368,17.0,23.0,0.739,15.0,41.0,56.0,34.0,13.0,9.0,18.0,24.0,134,-4,2021-10-20,2022,BOS,1499.79256130369,1547.75349161121,1496.41008608313,1551.13596683177,1594.16947763311,1551.38883175924,134.0,138.0,78,0.0
349,22021,22100020,2021-10-22,1610612738,BOS,BOS @ TOR,0,32.0,82.0,0.39,11.0,34.0,0.324,8.0,11.0,0.727,10.0,32.0,42.0,19.0,6.0,12.0,25.0,19.0,83,-32,2021-10-22,2022,BOS,1496.41008608313,1433.07733742026,1458.49147829351,1470.99594520988,1594.8884925132,1490.36537379475,83.0,115.0,67,0.0
155,22021,22100037,2021-10-24,1610612738,BOS,BOS @ HOU,1,38.0,86.0,0.442,15.0,47.0,0.319,16.0,20.0,0.8,6.0,37.0,43.0,22.0,10.0,6.0,12.0,22.0,107,10,2021-10-24,2022,BOS,1458.49147829351,1353.37992364063,1468.67468737053,1343.19671456361,1553.7481507277,1351.45777063793,107.0,97.0,29,1.0
156,22021,22100041,2021-10-25,1610612738,BOS,BOS @ CHA,1,50.0,101.0,0.495,19.0,50.0,0.38,21.0,25.0,0.84,11.0,42.0,53.0,33.0,8.0,9.0,12.0,23.0,140,11,2021-10-25,2022,BOS,1468.67468737053,1481.59928051575,1484.5810572262,1465.69291066008,1574.94992005542,1450.12391674104,140.0,129.0,55,1.0
350,22021,22100056,2021-10-27,1610612738,BOS,BOS @ WAS,0,37.0,85.0,0.435,10.0,29.0,0.345,23.0,28.0,0.821,10.0,27.0,37.0,18.0,9.0,5.0,13.0,21.0,107,-9,2021-10-27,2022,BOS,1484.5810572262,1507.07816511047,1471.92659752267,1519.732624814,1589.20607845864,1520.93765566622,107.0,116.0,72,0.0
157,22021,22100078,2021-10-30,1610612738,BOS,BOS @ WAS,0,44.0,107.0,0.411,2.0,26.0,0.077,22.0,25.0,0.88,8.0,46.0,54.0,23.0,8.0,10.0,12.0,32.0,112,-3,2021-10-30,2022,BOS,1471.92659752267,1529.13976190792,1469.06590477507,1532.00045465552,1558.98295322293,1524.0294541076,112.0,115.0,68,0.0
351,22021,22100098,2021-11-01,1610612738,BOS,BOS @ CHI,0,42.0,96.0,0.438,15.0,33.0,0.455,15.0,20.0,0.75,13.0,25.0,38.0,20.0,10.0,1.0,9.0,15.0,114,-14,2021-11-01,2022,BOS,1469.06590477507,1526.69801412545,1454.13754870916,1541.62637019136,1575.22201789474,1525.83572345348,114.0,128.0,71,0.0
158,22021,22100110,2021-11-03,1610612738,BOS,BOS @ ORL,1,33.0,79.0,0.418,10.0,37.0,0.27,16.0,25.0,0.64,9.0,41.0,50.0,24.0,7.0,9.0,11.0,20.0,92,13,2021-11-03,2022,BOS,1454.13754870916,1343.80359244582,1465.92851984733,1332.01262130765,1563.13882286495,1361.62962206375,92.0,79.0,32,1.0
159,22021,22100121,2021-11-04,1610612738,BOS,BOS @ MIA,1,31.0,78.0,0.397,16.0,41.0,0.39,17.0,20.0,0.85,11.0,35.0,46.0,16.0,7.0,4.0,16.0,16.0,95,17,2021-11-04,2022,BOS,1465.92851984733,1607.53647758759,1495.0058543585,1578.45914307642,1564.28590770617,1604.16699905456,95.0,78.0,81,1.0
160,22021,22100136,2021-11-06,1610612738,BOS,BOS @ DAL,0,42.0,86.0,0.488,9.0,31.0,0.29,11.0,16.0,0.688,8.0,28.0,36.0,20.0,6.0,2.0,11.0,14.0,104,-3,2021-11-06,2022,BOS,1495.0058543585,1524.93614193714,1491.75188428294,1528.1901120127,1576.38659595907,1571.48610354798,104.0,107.0,78,0.0
352,22021,22100160,2021-11-10,1610612738,BOS,BOS @ TOR,1,42.0,94.0,0.447,10.0,29.0,0.345,10.0,15.0,0.667,12.0,32.0,44.0,21.0,10.0,5.0,15.0,13.0,104,16,2021-11-10,2022,BOS,1491.75188428294,1486.72546236267,1500.91563110676,1477.56171553885,1552.53478950009,1500.07104318183,104.0,88.0,61,1.0
353,22021,22100175,2021-11-12,1610612738,BOS,BOS @ MIL,1,47.0,96.0,0.49,12.0,41.0,0.293,16.0,18.0,0.889,16.0,37.0,53.0,22.0,5.0,7.0,17.0,12.0,122,9,2021-11-12,2022,BOS,1500.91563110676,1609.60960526952,1510.96286228017,1599.56237409611,1558.09909036445,1588.68988043707,122.0,113.0,78,1.0
161,22021,22100190,2021-11-13,1610612738,BOS,BOS @ CLE,0,33.0,78.0,0.423,6.0,23.0,0.261,17.0,18.0,0.944,10.0,37.0,47.0,20.0,7.0,3.0,20.0,16.0,89,-2,2021-11-13,2022,BOS,1510.96286228017,1455.31268666897,1506.88899278365,1459.38655616549,1551.23946160295,1374.62763855554,89.0,91.0,33,0.0
162,22021,22100199,2021-11-15,1610612738,BOS,BOS @ CLE,1,36.0,78.0,0.462,10.0,29.0,0.345,16.0,20.0,0.8,6.0,40.0,46.0,23.0,7.0,6.0,14.0,16.0,98,6,2021-11-15,2022,BOS,1506.88899278365,1459.38655616549,1516.17115841626,1450.10439053288,1552.81788177779,1379.99755353026,98.0,92.0,35,1.0
163,22021,22100215,2021-11-17,1610612738,BOS,BOS @ ATL,0,37.0,84.0,0.44,11.0,41.0,0.268,14.0,17.0,0.824,12.0,30.0,42.0,24.0,9.0,2.0,14.0,17.0,99,-11,2021-11-17,2022,BOS,1516.17115841626,1539.63433366835,1509.56813637188,1546.23735571273,1561.286677052,1573.82680490379,99.0,110.0,76,0.0
354,22021,22100232,2021-11-19,1610612738,BOS,BOS @ LAL,1,44.0,88.0,0.5,11.0,30.0,0.367,31.0,38.0,0.816,12.0,39.0,51.0,22.0,7.0,2.0,14.0,20.0,130,22,2021-11-19,2022,BOS,1509.56813637188,1468.26858742592,1519.23283292572,1458.60389087208,1567.77950098001,1435.88418580279,130.0,108.0,50,1.0
355,22021,22100243,2021-11-20,1610612738,BOS,BOS @ OKC,1,41.0,88.0,0.466,17.0,39.0,0.436,12.0,14.0,0.857,8.0,40.0,48.0,28.0,4.0,7.0,7.0,11.0,111,6,2021-11-20,2022,BOS,1519.23283292572,1328.54044063611,1521.21504414026,1326.55822942157,1559.43079815103,1300.65599046534,111.0,105.0,20,1.0
356,22021,22100256,2021-11-22,1610612738,BOS,BOS @ HOU,1,39.0,92.0,0.424,12.0,35.0,0.343,18.0,19.0,0.947,11.0,47.0,58.0,19.0,10.0,3.0,15.0,24.0,108,18,2021-11-22,2022,BOS,1521.21504414026,1283.17228699384,1524.21209599019,1280.17523514391,1570.05007029805,1286.14063179462,108.0,90.0,19,1.0
357,22021,22100270,2021-11-24,1610612738,BOS,BOS @ BKN,0,34.0,91.0,0.374,11.0,48.0,0.229,25.0,28.0,0.893,15.0,30.0,45.0,25.0,6.0,5.0,11.0,24.0,104,-19,2021-11-24,2022,BOS,1524.21209599019,1597.00008245823,1506.78921229542,1614.422966153,1589.98485393055,1563.39802729848,104.0,123.0,79,0.0
164,22021,22100287,2021-11-26,1610612738,BOS,BOS @ SAS,0,34.0,92.0,0.37,10.0,34.0,0.294,10.0,15.0,0.667,12.0,39.0,51.0,20.0,4.0,8.0,11.0,20.0,88,-8,2021-11-26,2022,BOS,1506.78921229542,1423.14060623582,1498.24860736141,1431.68121116983,1569.6568944494,1459.26247278207,88.0,96.0,56,0.0
165,22021,22100302,2021-11-28,1610612738,BOS,BOS @ TOR,1,34.0,82.0,0.415,12.0,34.0,0.353,29.0,31.0,0.935,12.0,41.0,53.0,24.0,5.0,3.0,18.0,19.0,109,12,2021-11-28,2022,BOS,1498.24860736141,1494.39335014048,1514.2563725239,1478.38558497799,1556.34681967278,1525.03902394081,109.0,97.0,67,1.0
358,22021,22100322,2021-12-01,1610612738,BOS,BOS @ PHI,1,33.0,79.0,0.418,11.0,28.0,0.393,11.0,15.0,0.733,4.0,42.0,46.0,18.0,5.0,8.0,13.0,15.0,88,1,2021-12-01,2022,BOS,1514.2563725239,1580.24505471125,1517.80725379955,1576.6941734356,1578.5747675431,1602.64728337302,88.0,87.0,83,1.0
166,22021,22100339,2021-12-03,1610612738,BOS,BOS @ UTA,0,47.0,91.0,0.516,14.0,39.0,0.359,22.0,22.0,1.0,5.0,25.0,30.0,23.0,9.0,3.0,6.0,22.0,130,-7,2021-12-03,2022,BOS,1517.80725379955,1639.64471311095,1514.69125090682,1642.76071600368,1591.70142982241,1659.22435541354,130.0,137.0,90,0.0
167,22021,22100347,2021-12-04,1610612738,BOS,BOS @ POR,1,49.0,87.0,0.563,21.0,37.0,0.568,26.0,29.0,0.897,12.0,34.0,46.0,26.0,5.0,7.0,12.0,21.0,145,28,2021-12-04,2022,BOS,1514.69125090682,1523.28465418992,1544.36433077169,1493.61157432505,1550.53093276205,1517.44977939703,145.0,117.0,64,1.0
168,22021,22100365,2021-12-07,1610612738,BOS,BOS @ LAL,0,36.0,82.0,0.439,10.0,33.0,0.303,20.0,29.0,0.69,7.0,27.0,34.0,27.0,8.0,4.0,13.0,16.0,102,-15,2021-12-07,2022,BOS,1544.36433077169,1484.06697620131,1532.80002920031,1495.63127777269,1586.93180670363,1458.075457147,102.0,117.0,59,0.0
169,22021,22100378,2021-12-08,1610612738,BOS,BOS @ LAC,0,41.0,86.0,0.477,10.0,32.0,0.313,19.0,21.0,0.905,14.0,33.0,47.0,26.0,11.0,3.0,23.0,21.0,111,-3,2021-12-08,2022,BOS,1532.80002920031,1522.52768495333,1528.90178670738,1526.42592744626,1566.8661782175,1513.17841611991,111.0,114.0,67,0.0
170,22021,22100390,2021-12-10,1610612738,BOS,BOS @ PHX,0,35.0,93.0,0.376,4.0,26.0,0.154,16.0,24.0,0.667,15.0,31.0,46.0,13.0,7.0,6.0,13.0,17.0,90,-21,2021-12-10,2022,BOS,1528.90178670738,1696.32412064702,1523.97021975651,1701.25568759789,1569.13392170352,1634.59889131505,90.0,111.0,86,0.0
359,22021,22100408,2021-12-13,1610612738,BOS,BOS @ MIL,1,43.0,86.0,0.5,20.0,47.0,0.426,11.0,13.0,0.846,7.0,33.0,40.0,31.0,6.0,5.0,13.0,15.0,117,14,2021-12-13,2022,BOS,1523.97021975651,1639.27705493148,1537.56465102944,1625.68262365855,1559.12475046847,1650.91463783347,117.0,103.0,86,1.0
360,22021,22100435,2021-12-17,1610612738,BOS,BOS @ GSW,0,36.0,82.0,0.439,15.0,41.0,0.366,20.0,29.0,0.69,11.0,34.0,45.0,20.0,5.0,2.0,16.0,19.0,107,-4,2021-12-17,2022,BOS,1537.56465102944,1663.75336662763,1531.83611322112,1669.48190443595,1598.10404542069,1652.78496418677,107.0,111.0,90,0.0
361,22021,22100445,2021-12-18,1610612738,BOS,BOS @ NYK,1,42.0,89.0,0.472,17.0,45.0,0.378,13.0,17.0,0.765,12.0,33.0,45.0,23.0,6.0,3.0,13.0,20.0,114,7,2021-12-18,2022,BOS,1531.83611322112,1486.54985463149,1536.39295544125,1481.99301241136,1593.74553665174,1478.57054152726,114.0,107.0,65,1.0
362,22021,22100457,2021-12-20,1610612738,BOS,BOS @ PHI,0,38.0,82.0,0.463,7.0,27.0,0.259,20.0,25.0,0.8,11.0,31.0,42.0,16.0,9.0,5.0,18.0,23.0,103,-5,2021-12-20,2022,BOS,1536.39295544125,1547.90030771322,1526.93107922007,1557.3621839344,1555.33946682002,1510.28474971007,103.0,108.0,64,0.0
363,22021,22100471,2021-12-22,1610612738,BOS,BOS @ CLE,1,43.0,92.0,0.467,11.0,30.0,0.367,14.0,18.0,0.778,12.0,36.0,48.0,24.0,12.0,5.0,13.0,24.0,111,10,2021-12-22,2022,BOS,1526.93107922007,1595.04477414609,1536.12434048133,1585.85151288483,1571.74423555799,1375.0350297322,111.0,101.0,37,1.0
171,22021,22100489,2021-12-25,1610612738,BOS,BOS @ MIL,0,38.0,89.0,0.427,17.0,45.0,0.378,20.0,24.0,0.833,11.0,33.0,44.0,24.0,9.0,8.0,14.0,23.0,113,-4,2021-12-25,2022,BOS,1536.12434048133,1599.55076586012,1532.98383576144,1602.69127058001,1606.2078837653,1665.25530914876,113.0,117.0,92,0.0
172,22021,22100503,2021-12-27,1610612738,BOS,BOS @ MIN,0,33.0,89.0,0.371,16.0,47.0,0.34,21.0,28.0,0.75,15.0,38.0,53.0,23.0,8.0,10.0,14.0,16.0,103,-5,2021-12-27,2022,BOS,1532.98383576144,1486.24141476559,1527.2606738384,1491.96457668863,1499.42647190418,1258.34833347247,103.0,108.0,8,0.0
364,22021,22100518,2021-12-29,1610612738,BOS,BOS @ LAC,0,35.0,101.0,0.347,4.0,42.0,0.095,8.0,11.0,0.727,21.0,29.0,50.0,19.0,8.0,8.0,8.0,16.0,82,-9,2021-12-29,2022,BOS,1527.2606738384,1495.22207594247,1512.42934758594,1510.05340219493,1521.54753213968,1374.36869533788,82.0,91.0,28,0.0
365,22021,22100529,2021-12-31,1610612738,BOS,BOS @ PHX,1,45.0,83.0,0.542,10.0,27.0,0.37,23.0,26.0,0.885,13.0,38.0,51.0,28.0,6.0,7.0,18.0,18.0,123,15,2021-12-31,2022,BOS,1512.42934758594,1684.95910672709,1529.66325497239,1667.72519934064,1536.1978101685,1490.23777569437,123.0,108.0,56,1.0
366,22021,22100546,2022-01-02,1610612738,BOS,BOS @ ORL,1,39.0,86.0,0.453,13.0,36.0,0.361,25.0,28.0,0.893,9.0,37.0,46.0,25.0,5.0,10.0,22.0,23.0,116,5,2022-01-02,2022,BOS,1529.66325497239,1304.43821635153,1531.1519903911,1302.94948093282,1535.02135048836,1318.17997743409,116.0,111.0,20,1.0
367,22021,22100570,2022-01-05,1610612738,BOS,BOS @ SAS,0,40.0,90.0,0.444,9.0,28.0,0.321,8.0,9.0,0.889,13.0,28.0,41.0,19.0,10.0,9.0,10.0,12.0,97,-2,2022-01-05,2022,BOS,1531.1519903911,1501.00638182605,1523.82774756488,1508.33062465227,1604.7139008078,1508.98819536007,97.0,99.0,72,0.0
173,22021,22100578,2022-01-06,1610612738,BOS,BOS @ NYK,0,38.0,80.0,0.475,17.0,45.0,0.378,12.0,13.0,0.923,8.0,30.0,38.0,22.0,5.0,10.0,13.0,16.0,105,-3,2022-01-06,2022,BOS,1523.82774756488,1483.83730353523,1519.40555944465,1488.25949165546,1598.98037359813,1461.88903663611,105.0,108.0,62,0.0
368,22021,22100595,2022-01-08,1610612738,BOS,BOS @ NYK,1,36.0,76.0,0.474,12.0,29.0,0.414,15.0,17.0,0.882,9.0,36.0,45.0,26.0,8.0,8.0,12.0,15.0,99,24,2022-01-08,2022,BOS,1519.40555944465,1488.25949165546,1530.18350088404,1477.48155021607,1590.78966947598,1457.10998012778,99.0,75.0,59,1.0
369,22021,22100609,2022-01-10,1610612738,BOS,BOS @ IND,1,35.0,88.0,0.398,8.0,28.0,0.286,23.0,28.0,0.821,12.0,41.0,53.0,17.0,10.0,6.0,20.0,19.0,101,3,2022-01-10,2022,BOS,1530.18350088404,1477.94489960379,1533.11322634568,1475.01517414215,1596.18839675653,1505.06871927805,101.0,98.0,70,1.0
174,22021,22100618,2022-01-12,1610612738,BOS,BOS @ IND,1,40.0,78.0,0.513,18.0,38.0,0.474,21.0,25.0,0.84,7.0,30.0,37.0,23.0,6.0,5.0,13.0,22.0,119,19,2022-01-12,2022,BOS,1533.11322634568,1475.01517414215,1551.43262953384,1456.69577095399,1574.26702154413,1518.80116954302,119.0,100.0,69,1.0
175,22021,22100635,2022-01-14,1610612738,BOS,BOS @ PHI,0,37.0,78.0,0.474,11.0,31.0,0.355,14.0,18.0,0.778,7.0,37.0,44.0,20.0,4.0,4.0,20.0,21.0,99,-12,2022-01-14,2022,BOS,1551.43262953384,1591.54114039306,1544.97397642042,1597.99979350648,1581.94460366024,1582.16944763157,99.0,111.0,81,0.0
370,22021,22100647,2022-01-15,1610612738,BOS,BOS @ CHI,1,44.0,90.0,0.489,9.0,26.0,0.346,17.0,19.0,0.895,17.0,33.0,50.0,27.0,6.0,6.0,11.0,15.0,114,2,2022-01-15,2022,BOS,1544.97397642042,1525.18209690023,1547.92051290416,1522.23556041649,1575.40928127401,1433.49686953023,114.0,112.0,51,1.0
371,22021,22100654,2022-01-17,1610612738,BOS,BOS @ NOP,1,38.0,80.0,0.475,10.0,32.0,0.313,18.0,20.0,0.9,5.0,42.0,47.0,22.0,6.0,4.0,14.0,18.0,104,12,2022-01-17,2022,BOS,1547.92051290416,1462.23534001909,1553.09989130295,1457.0559616203,1582.16533652036,1457.64783300515,104.0,92.0,58,1.0
372,22021,22100671,2022-01-19,1610612738,BOS,BOS @ CHA,0,39.0,90.0,0.433,14.0,46.0,0.304,10.0,13.0,0.769,8.0,30.0,38.0,27.0,8.0,3.0,14.0,20.0,102,-9,2022-01-19,2022,BOS,1553.09989130295,1529.14238100859,1538.59507466052,1543.64719765102,1576.99388128749,1508.14812952859,102.0,111.0,68,0.0
373,22021,22100688,2022-01-21,1610612738,BOS,BOS @ POR,0,37.0,82.0,0.451,11.0,37.0,0.297,20.0,23.0,0.87,8.0,34.0,42.0,25.0,7.0,7.0,12.0,24.0,105,-4,2022-01-21,2022,BOS,1538.59507466052,1436.08874082383,1527.08781588228,1447.59599960207,1593.00955582896,1444.55658671132,105.0,109.0,57,0.0
176,22021,22100699,2022-01-23,1610612738,BOS,BOS @ WAS,1,40.0,90.0,0.444,19.0,39.0,0.487,17.0,21.0,0.81,11.0,46.0,57.0,26.0,5.0,3.0,13.0,16.0,116,29,2022-01-23,2022,BOS,1527.08781588228,1466.17928000322,1551.57723787924,1441.68985800626,1592.48694232157,1476.85943249054,116.0,87.0,64,1.0
374,22021,22100717,2022-01-25,1610612738,BOS,BOS @ SAC,1,51.0,103.0,0.495,20.0,45.0,0.444,6.0,7.0,0.857,17.0,50.0,67.0,32.0,6.0,6.0,11.0,12.0,128,53,2022-01-25,2022,BOS,1551.57723787924,1354.28107952542,1559.82822941164,1346.03008799302,1606.10706174632,1420.46352083904,128.0,75.0,54,1.0
177,22021,22100737,2022-01-28,1610612738,BOS,BOS @ ATL,0,30.0,86.0,0.349,7.0,36.0,0.194,25.0,27.0,0.926,16.0,36.0,52.0,15.0,5.0,8.0,18.0,25.0,92,-16,2022-01-28,2022,BOS,1559.82822941164,1508.93257326803,1548.20025762678,1520.56054505289,1612.73376776248,1590.20956395084,92.0,108.0,86,0.0
178,22021,22100745,2022-01-29,1610612738,BOS,BOS @ NOP,1,43.0,81.0,0.531,14.0,41.0,0.341,7.0,11.0,0.636,6.0,37.0,43.0,31.0,6.0,7.0,15.0,19.0,107,10,2022-01-29,2022,BOS,1548.20025762678,1462.26777365805,1559.12062338501,1451.34740789982,1605.06956444247,1409.61109740101,107.0,97.0,51,1.0
375,22021,22100762,2022-01-31,1610612738,BOS,BOS @ MIA,1,44.0,84.0,0.524,16.0,42.0,0.381,18.0,27.0,0.667,9.0,35.0,44.0,24.0,9.0,6.0,10.0,15.0,122,30,2022-01-31,2022,BOS,1559.12062338501,1599.95600842907,1576.47636321348,1582.6002686006,1611.99774544526,1501.61966027132,122.0,92.0,72,1.0
376,22021,22100775,2022-02-02,1610612738,BOS,BOS @ CHA,1,42.0,82.0,0.512,14.0,36.0,0.389,15.0,17.0,0.882,6.0,36.0,42.0,31.0,9.0,5.0,19.0,21.0,113,6,2022-02-02,2022,BOS,1576.47636321348,1509.40478566518,1580.24880662604,1505.63234225262,1620.23800269604,1490.69545217359,113.0,107.0,71,1.0
179,22021,22100788,2022-02-04,1610612738,BOS,BOS @ DET,1,37.0,82.0,0.451,9.0,28.0,0.321,19.0,25.0,0.76,11.0,44.0,55.0,23.0,4.0,9.0,14.0,17.0,102,9,2022-02-04,2022,BOS,1580.24880662604,1329.23905829308,1585.37976575932,1324.1080991598,1622.13571321748,1325.58136157291,102.0,93.0,34,1.0
180,22021,22100806,2022-02-06,1610612738,BOS,BOS @ ORL,1,45.0,99.0,0.455,13.0,46.0,0.283,13.0,14.0,0.929,16.0,39.0,55.0,29.0,9.0,6.0,16.0,17.0,116,33,2022-02-06,2022,BOS,1585.37976575932,1320.21184789713,1596.922067348,1308.66954630845,1624.91291896823,1331.87909199963,116.0,83.0,36,1.0
181,22021,22100817,2022-02-08,1610612738,BOS,BOS @ BKN,1,50.0,91.0,0.549,14.0,40.0,0.35,12.0,16.0,0.75,11.0,41.0,52.0,32.0,6.0,8.0,14.0,14.0,126,35,2022-02-08,2022,BOS,1596.922067348,1488.72567930578,1620.66644919672,1464.98129745706,1632.08469861411,1301.59413927906,126.0,91.0,30,1.0
377,22021,22100842,2022-02-11,1610612738,BOS,BOS @ DEN,1,38.0,96.0,0.396,10.0,37.0,0.27,22.0,30.0,0.733,18.0,36.0,54.0,24.0,13.0,8.0,12.0,20.0,108,6,2022-02-11,2022,BOS,1620.66644919672,1579.10346072207,1624.92921619587,1574.84069372292,1677.06062297358,1555.63654314648,108.0,102.0,88,1.0
378,22021,22100856,2022-02-13,1610612738,BOS,BOS @ ATL,1,36.0,85.0,0.424,11.0,38.0,0.289,22.0,27.0,0.815,12.0,42.0,54.0,21.0,5.0,6.0,12.0,15.0,105,10,2022-02-13,2022,BOS,1624.92921619587,1501.83570412159,1628.74799713303,1498.01692318443,1697.02824369281,1576.04528619221,105.0,95.0,92,1.0
182,22021,22100869,2022-02-15,1610612738,BOS,BOS @ PHI,1,46.0,82.0,0.561,25.0,45.0,0.556,18.0,22.0,0.818,7.0,44.0,51.0,28.0,2.0,10.0,11.0,25.0,135,48,2022-02-15,2022,BOS,1628.74799713303,1605.53840410517,1668.92660525567,1565.35979598253,1670.23508012665,1612.63329453659,135.0,87.0,93,1.0
379,22021,22100875,2022-02-16,1610612738,BOS,BOS @ DET,0,42.0,77.0,0.545,13.0,32.0,0.406,14.0,18.0,0.778,2.0,28.0,30.0,29.0,8.0,6.0,17.0,14.0,111,-1,2022-02-16,2022,BOS,1668.92660525567,1292.1790468497,1656.64808019153,1304.45757191384,1670.30602076395,1299.53120702663,111.0,112.0,35,0.0
183,22021,22100890,2022-02-24,1610612738,BOS,BOS @ BKN,1,46.0,85.0,0.541,17.0,42.0,0.405,20.0,27.0,0.741,8.0,40.0,48.0,28.0,9.0,3.0,14.0,20.0,129,23,2022-02-24,2022,BOS,1656.64808019153,1455.75895000781,1668.64411544691,1443.76291475243,1705.54327506053,1406.49908122679,129.0,106.0,68,1.0
184,22021,22100905,2022-02-26,1610612738,BOS,BOS @ DET,1,42.0,88.0,0.477,10.0,26.0,0.385,19.0,21.0,0.905,10.0,27.0,37.0,31.0,5.0,6.0,10.0,21.0,113,9,2022-02-26,2022,BOS,1668.64411544691,1313.9849209477,1671.67750600775,1310.95153038686,1712.88403226121,1310.36020781213,113.0,104.0,44,1.0
185,22021,22100914,2022-02-27,1610612738,BOS,BOS @ IND,0,39.0,91.0,0.429,12.0,43.0,0.279,17.0,20.0,0.85,12.0,28.0,40.0,25.0,5.0,9.0,10.0,13.0,107,-21,2022-02-27,2022,BOS,1671.67750600775,1391.3292988414,1642.42563515041,1420.58116969874,1708.07188446722,1417.51725569721,107.0,128.0,70,0.0
380,22021,22100927,2022-03-01,1610612738,BOS,BOS @ ATL,1,39.0,83.0,0.47,11.0,35.0,0.314,18.0,19.0,0.947,11.0,36.0,47.0,27.0,4.0,8.0,14.0,20.0,107,9,2022-03-01,2022,BOS,1642.42563515041,1531.20521200064,1646.23367735557,1527.39716979548,1695.5150067372,1583.93783037053,107.0,98.0,93,1.0
381,22021,22100940,2022-03-03,1610612738,BOS,BOS @ MEM,1,46.0,89.0,0.517,16.0,37.0,0.432,12.0,15.0,0.8,15.0,36.0,51.0,33.0,4.0,7.0,14.0,15.0,120,13,2022-03-03,2022,BOS,1646.23367735557,1644.58698699537,1654.3413492004,1636.47931515054,1664.74003197528,1626.72626320291,120.0,107.0,94,1.0
382,22021,22100960,2022-03-06,1610612738,BOS,BOS @ BKN,1,40.0,83.0,0.482,17.0,36.0,0.472,29.0,38.0,0.763,10.0,27.0,37.0,25.0,9.0,7.0,10.0,19.0,126,6,2022-03-06,2022,BOS,1654.3413492004,1421.36758127672,1655.90726848979,1419.80166198733,1680.95539651924,1545.71807657358,126.0,120.0,88,1.0
186,22021,22100981,2022-03-09,1610612738,BOS,BOS @ CHA,1,46.0,93.0,0.495,12.0,37.0,0.324,11.0,14.0,0.786,16.0,31.0,47.0,30.0,10.0,8.0,11.0,20.0,115,14,2022-03-09,2022,BOS,1655.90726848979,1479.95056692216,1665.42285853456,1470.43497687739,1696.2780003359,1505.79162647701,115.0,101.0,84,1.0
383,22021,22100997,2022-03-11,1610612738,BOS,BOS @ DET,1,42.0,90.0,0.467,6.0,32.0,0.188,24.0,30.0,0.8,13.0,34.0,47.0,23.0,10.0,3.0,9.0,19.0,114,11,2022-03-11,2022,BOS,1665.42285853456,1337.38944441163,1666.70941335842,1336.10288958777,1704.36307207416,1312.96478437885,114.0,103.0,44,1.0
384,22021,22101014,2022-03-13,1610612738,BOS,BOS @ DAL,0,33.0,88.0,0.375,9.0,37.0,0.243,17.0,19.0,0.895,11.0,34.0,45.0,16.0,8.0,3.0,11.0,12.0,92,-3,2022-03-13,2022,BOS,1666.70941335842,1595.17867365512,1657.26735023628,1604.62073677726,1701.18152902305,1598.74111615717,92.0,95.0,94,0.0
187,22021,22101042,2022-03-16,1610612738,BOS,BOS @ GSW,1,38.0,81.0,0.469,15.0,40.0,0.375,19.0,22.0,0.864,8.0,45.0,53.0,23.0,4.0,4.0,10.0,15.0,110,22,2022-03-16,2022,BOS,1657.26735023628,1622.29053128962,1679.15545283815,1600.40242868775,1695.50441031593,1583.17412236412,110.0,88.0,93,1.0
188,22021,22101057,2022-03-18,1610612738,BOS,BOS @ SAC,1,46.0,82.0,0.561,22.0,40.0,0.55,12.0,17.0,0.706,6.0,37.0,43.0,33.0,11.0,1.0,13.0,23.0,126,29,2022-03-18,2022,BOS,1679.15545283815,1371.18198140656,1687.64121137423,1362.69622287048,1706.42035018599,1437.23167903025,126.0,97.0,74,1.0
189,22021,22101068,2022-03-20,1610612738,BOS,BOS @ DEN,1,47.0,82.0,0.573,19.0,40.0,0.475,11.0,11.0,1.0,5.0,33.0,38.0,29.0,4.0,6.0,9.0,18.0,124,20,2022-03-20,2022,BOS,1687.64121137423,1585.07341886737,1703.86708825755,1568.84754198405,1713.44291620698,1580.17294268923,124.0,104.0,93,1.0
190,22021,22101078,2022-03-21,1610612738,BOS,BOS @ OKC,1,44.0,86.0,0.512,15.0,40.0,0.375,29.0,34.0,0.853,6.0,36.0,42.0,22.0,8.0,7.0,9.0,18.0,132,9,2022-03-21,2022,BOS,1703.86708825755,1302.03748433116,1706.21353849911,1299.6910340896,1655.094759546,1140.33660252941,132.0,123.0,5,1.0
385,22021,22101087,2022-03-23,1610612738,BOS,BOS @ UTA,1,50.0,84.0,0.595,19.0,36.0,0.528,6.0,7.0,0.857,8.0,31.0,39.0,37.0,8.0,10.0,13.0,20.0,125,28,2022-03-23,2022,BOS,1706.21353849911,1610.6914564851,1715.02587513685,1601.87911984736,1710.6758142736,1655.59980173584,125.0,97.0,97,1.0
386,22021,22101116,2022-03-27,1610612738,BOS,BOS @ MIN,1,49.0,87.0,0.563,17.0,39.0,0.436,19.0,21.0,0.905,10.0,35.0,45.0,27.0,7.0,5.0,13.0,20.0,134,22,2022-03-27,2022,BOS,1715.02587513685,1608.49615613719,1722.04240508826,1601.47962618578,1676.2270895712,1611.48648351357,134.0,112.0,93,1.0
191,22021,22101127,2022-03-28,1610612738,BOS,BOS @ TOR,0,39.0,95.0,0.411,12.0,40.0,0.3,22.0,28.0,0.786,16.0,41.0,57.0,23.0,5.0,7.0,17.0,15.0,112,-3,2022-03-28,2022,BOS,1722.04240508826,1587.69166103801,1715.72729839359,1594.00676773268,1464.70456701701,1574.82600747464,112.0,115.0,58,0.0
387,22021,22101139,2022-03-30,1610612738,BOS,BOS @ MIA,0,35.0,85.0,0.412,11.0,37.0,0.297,17.0,23.0,0.739,8.0,36.0,44.0,27.0,9.0,1.0,18.0,22.0,98,-8,2022-03-30,2022,BOS,1715.72729839359,1562.7166539141,1697.26366812191,1581.18028418578,1613.27561292509,1610.18282302901,98.0,106.0,88,0.0
388,22021,22101153,2022-04-01,1610612738,BOS,BOS @ IND,1,45.0,83.0,0.542,12.0,33.0,0.364,26.0,28.0,0.929,11.0,29.0,40.0,29.0,7.0,4.0,16.0,19.0,128,5,2022-04-01,2022,BOS,1697.26366812191,1384.82742497667,1698.16494590475,1383.92614719383,1668.84002975314,1357.90045804155,128.0,123.0,49,1.0
389,22021,22101166,2022-04-03,1610612738,BOS,BOS @ WAS,1,56.0,91.0,0.615,23.0,44.0,0.523,9.0,13.0,0.692,7.0,32.0,39.0,39.0,6.0,5.0,8.0,20.0,144,42,2022-04-03,2022,BOS,1698.16494590475,1421.36955284466,1702.58195984455,1416.95253890486,1688.42118100853,1400.14647946411,144.0,102.0,63,1.0
192,22021,22101193,2022-04-06,1610612738,BOS,BOS @ CHI,1,43.0,88.0,0.489,17.0,37.0,0.459,14.0,22.0,0.636,8.0,34.0,42.0,29.0,11.0,6.0,13.0,18.0,117,23,2022-04-06,2022,BOS,1702.58195984455,1475.91794571238,1713.25838678718,1465.24151876975,1673.89739194047,1467.66033691977,117.0,94.0,75,1.0
193,22021,22101198,2022-04-07,1610612738,BOS,BOS @ MIL,0,43.0,87.0,0.494,21.0,50.0,0.42,14.0,19.0,0.737,8.0,36.0,44.0,30.0,8.0,4.0,16.0,15.0,121,-6,2022-04-07,2022,BOS,1713.25838678718,1570.22009364374,1704.26292348436,1579.21555694656,1568.87559860851,1635.34910985317,121.0,127.0,86,0.0
194,22021,22101223,2022-04-10,1610612738,BOS,BOS @ MEM,1,54.0,99.0,0.545,18.0,48.0,0.375,13.0,13.0,1.0,14.0,42.0,56.0,34.0,5.0,2.0,15.0,20.0,139,29,2022-04-10,2022,BOS,1704.26292348436,1664.01797344406,1730.48302474884,1637.79787217958,1622.43320699354,1437.70069359526,139.0,110.0,61,1.0